array_index,case_id,study_family,group_dir,physical_case,mesh_name,Nx,Ny,velocity_m_per_s,stiffness_class,A,beta,Ta,threads,core_label,status,run_dir,launcher_wall_seconds,exit_code,summary_case_id,solver,summary_threads,summary_Nx,summary_Ny,cells,level0_Nx,level0_Ny,rmt_smoothing_sweeps,rmt_max_cycles,final_time_s,time_steps,vFuel_m_per_s,vOx_m_per_s,summary_A,summary_beta,Ta_K,HfF_J_per_kg,rho_kg_per_m3,mu_Pa_s,cp_J_per_kgK,Pr,Sc,compute_time_s,pressure_time_s,pressure_fraction_pct,output_time_s,total_wall_s,pressure_solves,total_rmt_cycles,avg_rmt_cycles_per_pressure_solve,max_rmt_cycles_per_pressure_solve,mean_pressure_convergence_factor,final_pressure_cycles,final_pressure_rhs_norm,final_pressure_initial_residual,final_pressure_abs_residual,final_pressure_rel_residual,final_pressure_convergence_factor,equivalent_fine_grid_smoothing_sweeps,equivalent_fine_grid_smoothing_sweeps_per_pressure_solve,mass_residual_max,mass_residual_l2,mass_residual_integral,Tmin_K,Tmax_K,pmin_Pa,pmax_Pa,umin_m_per_s,umax_m_per_s,vmin_m_per_s,vmax_m_per_s,YFmax,YOmax,YPmax,YN2max,diag_levelsX,diag_levelsY,diag_direct_solves,diag_direct_unknowns,diag_lu_factorizations,diag_nonmonotone_cycles,diag_last_cycle_ratio,diag_max_cycle_ratio,diag_point_updates
0,FLOW_INTENSITY__BC1_LOW_v005__M1_108x36__C1,FLOW_INTENSITY,FLOW,BC1_LOW_v005,M1_108x36,108,36,0.05,nominal_chemistry,10000000,5,1000,1,C1,complete,results/FLOW/BC1_LOW_v005/M1_108x36/C1,84.912951552,0,FLOW_INTENSITY__BC1_LOW_v005__M1_108x36__C1,RMT_FINALVOL2,1,108,36,3888,108,36,16,500,2,20033,0.050000000000000003,-0.050000000000000003,10000000,5,1000,3571428.571,1,2.0000000000000002e-05,1000,0.69999999999999996,1,84.746312302999854,6.1524382950000511,7.2598301068284554,0.065861477000000002,84.814926416000006,20033,5873,0.29316627564518544,3,0.15445181584782466,2,176409.73717962604,13808.226307143719,2.2539560116879329,1.2776823137562315e-05,0.012776260844783534,281904,14.071981230968902,0.00020322264748529051,2.6254376552012762e-05,-5.3413325930933587e-10,294.95449063572789,915.08413604988846,99999.99795949999,100000.00232437062,-0.015431646339169597,0.015431646296808103,-0.045263969203814966,0.045263969203001533,0.99597340936149847,0.2089378338607342,0.31683553212781435,0.83491285177248864,3,2,1427139,22834224,243,0,0.015504882317325577,0.17511649349014033,1096042752
1,FLOW_INTENSITY__BC1_LOW_v005__M1_108x36__C2,FLOW_INTENSITY,FLOW,BC1_LOW_v005,M1_108x36,108,36,0.05,nominal_chemistry,10000000,5,1000,2,C2,complete,results/FLOW/BC1_LOW_v005/M1_108x36/C2,49.487149056,0,FLOW_INTENSITY__BC1_LOW_v005__M1_108x36__C2,RMT_FINALVOL2,2,108,36,3888,108,36,16,500,2,20033,0.050000000000000003,-0.050000000000000003,10000000,5,1000,3571428.571,1,2.0000000000000002e-05,1000,0.69999999999999996,1,49.319546030999923,5.822695020999979,11.806059644872054,0.06550773800000001,49.388043764999999,20033,5873,0.29316627564518544,3,0.15445181584782466,2,176409.73717962604,13808.226307143719,2.2539560116879329,1.2776823137562315e-05,0.012776260844783534,281904,14.071981230968902,0.00020322264748529051,2.6254376552012705e-05,-5.3413325930933391e-10,294.95449063572789,915.08413604988846,99999.99795949999,100000.00232437062,-0.015431646339169597,0.015431646296808103,-0.045263969203814966,0.045263969203001533,0.99597340936149847,0.2089378338607342,0.31683553212781435,0.83491285177248864,3,2,1427139,22834224,243,0,0.015504882317325577,0.17511649349014033,1096042752
2,FLOW_INTENSITY__BC1_LOW_v005__M1_108x36__C4,FLOW_INTENSITY,FLOW,BC1_LOW_v005,M1_108x36,108,36,0.05,nominal_chemistry,10000000,5,1000,4,C4,complete,results/FLOW/BC1_LOW_v005/M1_108x36/C4,31.825310208,0,FLOW_INTENSITY__BC1_LOW_v005__M1_108x36__C4,RMT_FINALVOL2,4,108,36,3888,108,36,16,500,2,20033,0.050000000000000003,-0.050000000000000003,10000000,5,1000,3571428.571,1,2.0000000000000002e-05,1000,0.69999999999999996,1,31.650420429999773,5.6527538610000487,17.859964525596318,0.066566100000000003,31.719750734000002,20033,5873,0.29316627564518544,3,0.15445181584782466,2,176409.73717962604,13808.226307143719,2.2539560116879329,1.2776823137562315e-05,0.012776260844783534,281904,14.071981230968902,0.00020322264748529051,2.6254376552012701e-05,-5.3413325930933484e-10,294.95449063572789,915.08413604988846,99999.99795949999,100000.00232437062,-0.015431646339169597,0.015431646296808103,-0.045263969203814966,0.045263969203001533,0.99597340936149847,0.2089378338607342,0.31683553212781435,0.83491285177248864,3,2,1427139,22834224,243,0,0.015504882317325577,0.17511649349014033,1096042752
3,FLOW_INTENSITY__BC1_LOW_v005__M1_108x36__C16,FLOW_INTENSITY,FLOW,BC1_LOW_v005,M1_108x36,108,36,0.05,nominal_chemistry,10000000,5,1000,16,C16,complete,results/FLOW/BC1_LOW_v005/M1_108x36/C16,23.869454080,0,FLOW_INTENSITY__BC1_LOW_v005__M1_108x36__C16,RMT_FINALVOL2,16,108,36,3888,108,36,16,500,2,20033,0.050000000000000003,-0.050000000000000003,10000000,5,1000,3571428.571,1,2.0000000000000002e-05,1000,0.69999999999999996,1,23.588938367000072,5.6582307730000023,23.986797052789914,0.065654981000000001,23.658849060000001,20033,5873,0.29316627564518544,3,0.15445181584782466,2,176409.73717962604,13808.226307143719,2.2539560116879329,1.2776823137562315e-05,0.012776260844783534,281904,14.071981230968902,0.00020322264748529051,2.6254376552012725e-05,-5.3413325930933473e-10,294.95449063572789,915.08413604988846,99999.99795949999,100000.00232437062,-0.015431646339169597,0.015431646296808103,-0.045263969203814966,0.045263969203001533,0.99597340936149847,0.2089378338607342,0.31683553212781435,0.83491285177248864,3,2,1427139,22834224,243,0,0.015504882317325577,0.17511649349014033,1096042752
4,FLOW_INTENSITY__BC1_LOW_v005__M2_216x72__C1,FLOW_INTENSITY,FLOW,BC1_LOW_v005,M2_216x72,216,72,0.05,nominal_chemistry,10000000,5,1000,1,C1,complete,results/FLOW/BC1_LOW_v005/M2_216x72/C1,393.746173696,0,FLOW_INTENSITY__BC1_LOW_v005__M2_216x72__C1,RMT_FINALVOL2,1,216,72,15552,216,72,16,500,2,20033,0.050000000000000003,-0.050000000000000003,10000000,5,1000,3571428.571,1,2.0000000000000002e-05,1000,0.69999999999999996,1,393.50318537399926,41.471841689999728,10.539137478794087,0.16427506600000003,393.67172302500001,20033,8231,0.41087206109918634,3,0.1910184012147714,2,573553.07914430555,30681.301696433686,7.7410710565641239,1.3496695141299165e-05,0.015884137445628596,526784,26.295811910347926,0.0007153324413686768,6.2074574426395612e-05,-6.2098531006724794e-11,293.82296258762813,929.84614945624139,99999.997557531431,100000.00230747118,-0.014137298521083811,0.014137305715018906,-0.050531710658793999,0.050531704029931172,0.99839393378780805,0.20957458215505712,0.32358415469486296,0.83394794200824651,4,3,18001197,128008512,2187,0,0.020845787271935274,0.20598857949068969,8192544768
5,FLOW_INTENSITY__BC1_LOW_v005__M2_216x72__C2,FLOW_INTENSITY,FLOW,BC1_LOW_v005,M2_216x72,216,72,0.05,nominal_chemistry,10000000,5,1000,2,C2,complete,results/FLOW/BC1_LOW_v005/M2_216x72/C2,209.134213632,0,FLOW_INTENSITY__BC1_LOW_v005__M2_216x72__C2,RMT_FINALVOL2,2,216,72,15552,216,72,16,500,2,20033,0.050000000000000003,-0.050000000000000003,10000000,5,1000,3571428.571,1,2.0000000000000002e-05,1000,0.69999999999999996,1,208.88769908800015,23.316846208000015,11.162383572513335,0.16390643599999999,209.05488703099999,20033,8231,0.41087206109918634,3,0.1910184012147714,2,573553.07914430555,30681.301696433686,7.7410710565641239,1.3496695141299165e-05,0.015884137445628596,526784,26.295811910347926,0.0007153324413686768,6.2074574426395707e-05,-6.2098531006725504e-11,293.82296258762813,929.84614945624139,99999.997557531431,100000.00230747118,-0.014137298521083811,0.014137305715018906,-0.050531710658793999,0.050531704029931172,0.99839393378780805,0.20957458215505712,0.32358415469486296,0.83394794200824651,4,3,18001197,128008512,2187,0,0.020845787271935274,0.20598857949068969,8192544768
6,FLOW_INTENSITY__BC1_LOW_v005__M2_216x72__C4,FLOW_INTENSITY,FLOW,BC1_LOW_v005,M2_216x72,216,72,0.05,nominal_chemistry,10000000,5,1000,4,C4,complete,results/FLOW/BC1_LOW_v005/M2_216x72/C4,115.890706688,0,FLOW_INTENSITY__BC1_LOW_v005__M2_216x72__C4,RMT_FINALVOL2,4,216,72,15552,216,72,16,500,2,20033,0.050000000000000003,-0.050000000000000003,10000000,5,1000,3571428.571,1,2.0000000000000002e-05,1000,0.69999999999999996,1,115.64582708700017,14.67314847400003,12.688005130493332,0.165454983,115.814396113,20033,8231,0.41087206109918634,3,0.1910184012147714,2,573553.07914430555,30681.301696433686,7.7410710565641239,1.3496695141299165e-05,0.015884137445628596,526784,26.295811910347926,0.0007153324413686768,6.2074574426395707e-05,-6.2098531006725362e-11,293.82296258762813,929.84614945624139,99999.997557531431,100000.00230747118,-0.014137298521083811,0.014137305715018906,-0.050531710658793999,0.050531704029931172,0.99839393378780805,0.20957458215505712,0.32358415469486296,0.83394794200824651,4,3,18001197,128008512,2187,0,0.020845787271935274,0.20598857949068969,8192544768
7,FLOW_INTENSITY__BC1_LOW_v005__M2_216x72__C16,FLOW_INTENSITY,FLOW,BC1_LOW_v005,M2_216x72,216,72,0.05,nominal_chemistry,10000000,5,1000,16,C16,complete,results/FLOW/BC1_LOW_v005/M2_216x72/C16,50.194405120,0,FLOW_INTENSITY__BC1_LOW_v005__M2_216x72__C16,RMT_FINALVOL2,16,216,72,15552,216,72,16,500,2,20033,0.050000000000000003,-0.050000000000000003,10000000,5,1000,3571428.571,1,2.0000000000000002e-05,1000,0.69999999999999996,1,49.961357567999812,9.1322755740000581,18.278677799278356,0.164526537,50.129943118,20033,8231,0.41087206109918634,3,0.1910184012147714,2,573553.07914430555,30681.301696433686,7.7410710565641239,1.3496695141299165e-05,0.015884137445628596,526784,26.295811910347926,0.0007153324413686768,6.2074574426395721e-05,-6.2098531006724974e-11,293.82296258762813,929.84614945624139,99999.997557531431,100000.00230747118,-0.014137298521083811,0.014137305715018906,-0.050531710658793999,0.050531704029931172,0.99839393378780805,0.20957458215505712,0.32358415469486296,0.83394794200824651,4,3,18001197,128008512,2187,0,0.020845787271935274,0.20598857949068969,8192544768
8,FLOW_INTENSITY__BC1_LOW_v005__M3_432x144__C1,FLOW_INTENSITY,FLOW,BC1_LOW_v005,M3_432x144,432,144,0.05,nominal_chemistry,10000000,5,1000,1,C1,complete,results/FLOW/BC1_LOW_v005/M3_432x144/C1,3865.226516224,0,FLOW_INTENSITY__BC1_LOW_v005__M3_432x144__C1,RMT_FINALVOL2,1,432,144,62208,432,144,16,500,2,48534,0.050000000000000003,-0.050000000000000003,10000000,5,1000,3571428.571,1,2.0000000000000002e-05,1000,0.69999999999999996,1,3864.5075449579581,460.22852978300506,11.909111948389581,0.60312775800000007,3865.1396006569998,48534,19052,0.39254955289075699,4,0.20726177676908644,3,7612133.1560912021,4546433.2321027704,84.296407862908382,1.1073953402333049e-05,0.026467489549805333,1524160,31.403964231260559,0.0010650651318186988,5.4713377451182942e-05,-6.9406682050338306e-13,293.3893758024285,930.71465762446292,99999.9923938305,100000.00654371135,-0.014314497651339006,0.014314493921219076,-0.050819397695540447,0.05081952801530739,0.99924896676759278,0.20980135523826138,0.32406941939199929,0.83351737277778337,5,4,375000516,1185186816,19683,0,0.056491815041036113,0.23540812506393488,94814945280
9,FLOW_INTENSITY__BC1_LOW_v005__M3_432x144__C2,FLOW_INTENSITY,FLOW,BC1_LOW_v005,M3_432x144,432,144,0.05,nominal_chemistry,10000000,5,1000,2,C2,complete,results/FLOW/BC1_LOW_v005/M3_432x144/C2,2005.151680768,0,FLOW_INTENSITY__BC1_LOW_v005__M3_432x144__C2,RMT_FINALVOL2,2,432,144,62208,432,144,16,500,2,48534,0.050000000000000003,-0.050000000000000003,10000000,5,1000,3571428.571,1,2.0000000000000002e-05,1000,0.69999999999999996,1,2004.4675318239829,255.85857927200274,12.764416245704014,0.58753317699999996,2005.0713234049999,48534,19052,0.39254955289075699,4,0.20726177676908644,3,7612133.1560912021,4546433.2321027704,84.296407862908382,1.1073953402333049e-05,0.026467489549805333,1524160,31.403964231260559,0.0010650651318186988,5.4713377451182529e-05,-6.9406682050337457e-13,293.3893758024285,930.71465762446292,99999.9923938305,100000.00654371135,-0.014314497651339006,0.014314493921219076,-0.050819397695540447,0.05081952801530739,0.99924896676759278,0.20980135523826138,0.32406941939199929,0.83351737277778337,5,4,375000516,1185186816,19683,0,0.056491815041036113,0.23540812506393488,94814945280
10,FLOW_INTENSITY__BC1_LOW_v005__M3_432x144__C4,FLOW_INTENSITY,FLOW,BC1_LOW_v005,M3_432x144,432,144,0.05,nominal_chemistry,10000000,5,1000,4,C4,complete,results/FLOW/BC1_LOW_v005/M3_432x144/C4,1051.757166592,0,FLOW_INTENSITY__BC1_LOW_v005__M3_432x144__C4,RMT_FINALVOL2,4,432,144,62208,432,144,16,500,2,48534,0.050000000000000003,-0.050000000000000003,10000000,5,1000,3571428.571,1,2.0000000000000002e-05,1000,0.69999999999999996,1,1051.0651469050003,145.64770607800247,13.857153051538367,0.59433466599999996,1051.6706204970001,48534,19052,0.39254955289075699,4,0.20726177676908644,3,7612133.1560912021,4546433.2321027704,84.296407862908382,1.1073953402333049e-05,0.026467489549805333,1524160,31.403964231260559,0.0010650651318186988,5.4713377451182583e-05,-6.9406682050325623e-13,293.3893758024285,930.71465762446292,99999.9923938305,100000.00654371135,-0.014314497651339006,0.014314493921219076,-0.050819397695540447,0.05081952801530739,0.99924896676759278,0.20980135523826138,0.32406941939199929,0.83351737277778337,5,4,375000516,1185186816,19683,0,0.056491815041036113,0.23540812506393488,94814945280
11,FLOW_INTENSITY__BC1_LOW_v005__M3_432x144__C16,FLOW_INTENSITY,FLOW,BC1_LOW_v005,M3_432x144,432,144,0.05,nominal_chemistry,10000000,5,1000,16,C16,complete,results/FLOW/BC1_LOW_v005/M3_432x144/C16,348.722945792,0,FLOW_INTENSITY__BC1_LOW_v005__M3_432x144__C16,RMT_FINALVOL2,16,432,144,62208,432,144,16,500,2,48534,0.050000000000000003,-0.050000000000000003,10000000,5,1000,3571428.571,1,2.0000000000000002e-05,1000,0.69999999999999996,1,347.83647914499875,66.347514348999724,19.074340480931031,0.58904524400000002,348.43794314100001,48534,19052,0.39254955289075699,4,0.20726177676908644,3,7612133.1560912021,4546433.2321027704,84.296407862908382,1.1073953402333049e-05,0.026467489549805333,1524160,31.403964231260559,0.0010650651318186988,5.4713377451182644e-05,-6.9406682050334671e-13,293.3893758024285,930.71465762446292,99999.9923938305,100000.00654371135,-0.014314497651339006,0.014314493921219076,-0.050819397695540447,0.05081952801530739,0.99924896676759278,0.20980135523826138,0.32406941939199929,0.83351737277778337,5,4,375000516,1185186816,19683,0,0.056491815041036113,0.23540812506393488,94814945280
12,FLOW_INTENSITY__BC1_LOW_v005__M4_864x288__C1,FLOW_INTENSITY,FLOW,BC1_LOW_v005,M4_864x288,864,288,0.05,nominal_chemistry,10000000,5,1000,1,C1,complete,results/FLOW/BC1_LOW_v005/M4_864x288/C1,60947.585738496,0,FLOW_INTENSITY__BC1_LOW_v005__M4_864x288__C1,RMT_FINALVOL2,1,864,288,248832,864,288,16,500,2,194042,0.050000000000000003,-0.050000000000000003,10000000,5,1000,3571428.571,1,2.0000000000000002e-05,1000,0.69999999999999996,1,60944.521513564119,8888.844914666699,14.585141853461518,2.3633105959999998,60947.207673810997,194042,87528,0.45107760175632078,6,0.18537339355413238,2,37326117.543868937,13149767.570227601,2791.0031566625112,7.4773465345874204e-05,0.014568710910253203,7002240,36.086208140505661,0.01577965748839949,0.00040452785094882167,-5.7495137790030599e-11,293.19818773324812,922.4810625840106,99999.989870003235,100000.00853988361,-0.014290299503094231,0.014290299376282792,-0.050444310576637237,0.05044439461756569,0.99960180094017315,0.20989522904301872,0.32072242816822838,0.83645886091147426,5,4,1722813624,21779767296,19683,0,0.032580874062364679,0.87492767422875917,1742381383680
13,FLOW_INTENSITY__BC1_LOW_v005__M4_864x288__C2,FLOW_INTENSITY,FLOW,BC1_LOW_v005,M4_864x288,864,288,0.05,nominal_chemistry,10000000,5,1000,2,C2,complete,results/FLOW/BC1_LOW_v005/M4_864x288/C2,31048.371191040,0,FLOW_INTENSITY__BC1_LOW_v005__M4_864x288__C2,RMT_FINALVOL2,2,864,288,248832,864,288,16,500,2,194042,0.050000000000000003,-0.050000000000000003,10000000,5,1000,3571428.571,1,2.0000000000000002e-05,1000,0.69999999999999996,1,31045.724744028354,4636.0235558570312,14.932888808623385,2.3511334420000001,31048.260744501,194042,87528,0.45107760175632078,6,0.18537339355413238,2,37326117.543868937,13149767.570227601,2791.0031566625112,7.4773465345874204e-05,0.014568710910253203,7002240,36.086208140505661,0.01577965748839949,0.00040452785094882834,-5.7495137790031019e-11,293.19818773324812,922.4810625840106,99999.989870003235,100000.00853988361,-0.014290299503094231,0.014290299376282792,-0.050444310576637237,0.05044439461756569,0.99960180094017315,0.20989522904301872,0.32072242816822838,0.83645886091147426,5,4,1722813624,21779767296,19683,0,0.032580874062364679,0.87492767422875917,1742381383680
14,FLOW_INTENSITY__BC1_LOW_v005__M4_864x288__C4,FLOW_INTENSITY,FLOW,BC1_LOW_v005,M4_864x288,864,288,0.05,nominal_chemistry,10000000,5,1000,4,C4,complete,results/FLOW/BC1_LOW_v005/M4_864x288/C4,16144.279673344,0,FLOW_INTENSITY__BC1_LOW_v005__M4_864x288__C4,RMT_FINALVOL2,4,864,288,248832,864,288,16,500,2,194042,0.050000000000000003,-0.050000000000000003,10000000,5,1000,3571428.571,1,2.0000000000000002e-05,1000,0.69999999999999996,1,16141.142727897059,2566.8988456759143,15.902832215463231,2.9404445689999998,16144.181668265999,194042,87528,0.45107760175632078,6,0.18537339355413238,2,37326117.543868937,13149767.570227601,2791.0031566625112,7.4773465345874204e-05,0.014568710910253203,7002240,36.086208140505661,0.01577965748839949,0.00040452785094882736,-5.7495137790031077e-11,293.19818773324812,922.4810625840106,99999.989870003235,100000.00853988361,-0.014290299503094231,0.014290299376282792,-0.050444310576637237,0.05044439461756569,0.99960180094017315,0.20989522904301872,0.32072242816822838,0.83645886091147426,5,4,1722813624,21779767296,19683,0,0.032580874062364679,0.87492767422875917,1742381383680
15,FLOW_INTENSITY__BC1_LOW_v005__M4_864x288__C16,FLOW_INTENSITY,FLOW,BC1_LOW_v005,M4_864x288,864,288,0.05,nominal_chemistry,10000000,5,1000,16,C16,complete,results/FLOW/BC1_LOW_v005/M4_864x288/C16,4826.500331520,0,FLOW_INTENSITY__BC1_LOW_v005__M4_864x288__C16,RMT_FINALVOL2,16,864,288,248832,864,288,16,500,2,194042,0.050000000000000003,-0.050000000000000003,10000000,5,1000,3571428.571,1,2.0000000000000002e-05,1000,0.69999999999999996,1,4823.9430358459158,1049.6867070750375,21.759931642537872,2.3593473119999997,4826.365871684,194042,87528,0.45107760175632078,6,0.18537339355413238,2,37326117.543868937,13149767.570227601,2791.0031566625112,7.4773465345874204e-05,0.014568710910253203,7002240,36.086208140505661,0.01577965748839949,0.00040452785094882682,-5.7495137790031161e-11,293.19818773324812,922.4810625840106,99999.989870003235,100000.00853988361,-0.014290299503094231,0.014290299376282792,-0.050444310576637237,0.05044439461756569,0.99960180094017315,0.20989522904301872,0.32072242816822838,0.83645886091147426,5,4,1722813624,21779767296,19683,0,0.032580874062364679,0.87492767422875917,1742381383680
16,FLOW_INTENSITY__BC2_NOMINAL_v010__M1_108x36__C1,FLOW_INTENSITY,FLOW,BC2_NOMINAL_v010,M1_108x36,108,36,0.1,nominal_chemistry,10000000,5,1000,1,C1,complete,results/FLOW/BC2_NOMINAL_v010/M1_108x36/C1,87.693910784,0,FLOW_INTENSITY__BC2_NOMINAL_v010__M1_108x36__C1,RMT_FINALVOL2,1,108,36,3888,108,36,16,500,2,20033,0.10000000000000001,-0.10000000000000001,10000000,5,1000,3571428.571,1,2.0000000000000002e-05,1000,0.69999999999999996,1,87.087722726000109,6.4242649150000322,7.3767744911787227,0.068427176000000006,87.158829968000006,20033,6136,0.30629461388708629,3,0.14995549938066949,2,377878.75614581577,28944.682050365431,6.0403005279035824,1.5984758152354964e-05,0.014445909234997624,294528,14.702141466580143,0.00054460950368806493,7.4722260391846506e-05,4.9975961230619305e-10,293.37417389961053,1073.7662428902979,99999.995231480279,100000.00499193775,-0.031704778861035059,0.031704778839401482,-0.091588970424317531,0.091588970421252691,0.99909703774779979,0.20977333808150606,0.3815751973598791,0.99590625127423071,3,2,1491048,23856768,243,0,0.01476394842925967,0.18008718580199048,1145124864
17,FLOW_INTENSITY__BC2_NOMINAL_v010__M1_108x36__C2,FLOW_INTENSITY,FLOW,BC2_NOMINAL_v010,M1_108x36,108,36,0.1,nominal_chemistry,10000000,5,1000,2,C2,complete,results/FLOW/BC2_NOMINAL_v010/M1_108x36/C2,51.232199424,0,FLOW_INTENSITY__BC2_NOMINAL_v010__M1_108x36__C2,RMT_FINALVOL2,2,108,36,3888,108,36,16,500,2,20033,0.10000000000000001,-0.10000000000000001,10000000,5,1000,3571428.571,1,2.0000000000000002e-05,1000,0.69999999999999996,1,50.442752108000008,6.0931125370000396,12.079262693586651,0.068710935000000001,50.514064234000003,20033,6136,0.30629461388708629,3,0.14995549938066949,2,377878.75614581577,28944.682050365431,6.0403005279035824,1.5984758152354964e-05,0.014445909234997624,294528,14.702141466580143,0.00054460950368806493,7.4722260391846561e-05,4.9975961230619388e-10,293.37417389961053,1073.7662428902979,99999.995231480279,100000.00499193775,-0.031704778861035059,0.031704778839401482,-0.091588970424317531,0.091588970421252691,0.99909703774779979,0.20977333808150606,0.3815751973598791,0.99590625127423071,3,2,1491048,23856768,243,0,0.01476394842925967,0.18008718580199048,1145124864
18,FLOW_INTENSITY__BC2_NOMINAL_v010__M1_108x36__C4,FLOW_INTENSITY,FLOW,BC2_NOMINAL_v010,M1_108x36,108,36,0.1,nominal_chemistry,10000000,5,1000,4,C4,complete,results/FLOW/BC2_NOMINAL_v010/M1_108x36/C4,33.028435968,0,FLOW_INTENSITY__BC2_NOMINAL_v010__M1_108x36__C4,RMT_FINALVOL2,4,108,36,3888,108,36,16,500,2,20033,0.10000000000000001,-0.10000000000000001,10000000,5,1000,3571428.571,1,2.0000000000000002e-05,1000,0.69999999999999996,1,32.146016514999921,5.8915609780000002,18.327499381613549,0.069057621999999985,32.216723856999998,20033,6136,0.30629461388708629,3,0.14995549938066949,2,377878.75614581577,28944.682050365431,6.0403005279035824,1.5984758152354964e-05,0.014445909234997624,294528,14.702141466580143,0.00054460950368806493,7.4722260391846574e-05,4.9975961230619388e-10,293.37417389961053,1073.7662428902979,99999.995231480279,100000.00499193775,-0.031704778861035059,0.031704778839401482,-0.091588970424317531,0.091588970421252691,0.99909703774779979,0.20977333808150606,0.3815751973598791,0.99590625127423071,3,2,1491048,23856768,243,0,0.01476394842925967,0.18008718580199048,1145124864
19,FLOW_INTENSITY__BC2_NOMINAL_v010__M1_108x36__C16,FLOW_INTENSITY,FLOW,BC2_NOMINAL_v010,M1_108x36,108,36,0.1,nominal_chemistry,10000000,5,1000,16,C16,complete,results/FLOW/BC2_NOMINAL_v010/M1_108x36/C16,24.570902784,0,FLOW_INTENSITY__BC2_NOMINAL_v010__M1_108x36__C16,RMT_FINALVOL2,16,108,36,3888,108,36,16,500,2,20033,0.10000000000000001,-0.10000000000000001,10000000,5,1000,3571428.571,1,2.0000000000000002e-05,1000,0.69999999999999996,1,23.700294707999962,5.8874853819999675,24.841401571317444,0.068684091000000003,23.772119967999998,20033,6136,0.30629461388708629,3,0.14995549938066949,2,377878.75614581577,28944.682050365431,6.0403005279035824,1.5984758152354964e-05,0.014445909234997624,294528,14.702141466580143,0.00054460950368806493,7.4722260391846588e-05,4.9975961230619336e-10,293.37417389961053,1073.7662428902979,99999.995231480279,100000.00499193775,-0.031704778861035059,0.031704778839401482,-0.091588970424317531,0.091588970421252691,0.99909703774779979,0.20977333808150606,0.3815751973598791,0.99590625127423071,3,2,1491048,23856768,243,0,0.01476394842925967,0.18008718580199048,1145124864
20,FLOW_INTENSITY__BC2_NOMINAL_v010__M2_216x72__C1,FLOW_INTENSITY,FLOW,BC2_NOMINAL_v010,M2_216x72,216,72,0.1,nominal_chemistry,10000000,5,1000,1,C1,complete,results/FLOW/BC2_NOMINAL_v010/M2_216x72/C1,449.626919168,0,FLOW_INTENSITY__BC2_NOMINAL_v010__M2_216x72__C1,RMT_FINALVOL2,1,216,72,15552,216,72,16,500,2,22254,0.10000000000000001,-0.10000000000000001,10000000,5,1000,3571428.571,1,2.0000000000000002e-05,1000,0.69999999999999996,1,448.84765573200173,48.968899844999989,10.909915473467098,0.168801861,449.021182393,22254,9733,0.43735957580659657,3,0.18444821683253088,3,24715210.54604008,23503300.481935751,632.54873970022891,2.5593499942956266e-05,0.029967812810427506,622912,27.99101285162218,0.0019389226052801689,0.00017798291594169584,-2.6007746032757666e-10,293.1567095894203,1074.9452650147475,99999.923364588321,100000.06678131766,-0.029397626370833436,0.029397634694097518,-0.10306482174960559,0.10306483124174606,0.99965381106261442,0.20991253794123607,0.38121908642339097,0.99796729368036818,4,3,21286071,151367616,2187,0,0.063741156215116931,0.21028733098259014,9687527424
21,FLOW_INTENSITY__BC2_NOMINAL_v010__M2_216x72__C2,FLOW_INTENSITY,FLOW,BC2_NOMINAL_v010,M2_216x72,216,72,0.1,nominal_chemistry,10000000,5,1000,2,C2,complete,results/FLOW/BC2_NOMINAL_v010/M2_216x72/C2,238.970770688,0,FLOW_INTENSITY__BC2_NOMINAL_v010__M2_216x72__C2,RMT_FINALVOL2,2,216,72,15552,216,72,16,500,2,22254,0.10000000000000001,-0.10000000000000001,10000000,5,1000,3571428.571,1,2.0000000000000002e-05,1000,0.69999999999999996,1,238.29453460799971,27.476462368999893,11.530462674773192,0.16922379400000001,238.468992222,22254,9733,0.43735957580659657,3,0.18444821683253088,3,24715210.54604008,23503300.481935751,632.54873970022891,2.5593499942956266e-05,0.029967812810427506,622912,27.99101285162218,0.0019389226052801689,0.00017798291594169562,-2.6007746032757474e-10,293.1567095894203,1074.9452650147475,99999.923364588321,100000.06678131766,-0.029397626370833436,0.029397634694097518,-0.10306482174960559,0.10306483124174606,0.99965381106261442,0.20991253794123607,0.38121908642339097,0.99796729368036818,4,3,21286071,151367616,2187,0,0.063741156215116931,0.21028733098259014,9687527424
22,FLOW_INTENSITY__BC2_NOMINAL_v010__M2_216x72__C4,FLOW_INTENSITY,FLOW,BC2_NOMINAL_v010,M2_216x72,216,72,0.1,nominal_chemistry,10000000,5,1000,4,C4,complete,results/FLOW/BC2_NOMINAL_v010/M2_216x72/C4,133.054852608,0,FLOW_INTENSITY__BC2_NOMINAL_v010__M2_216x72__C4,RMT_FINALVOL2,4,216,72,15552,216,72,16,500,2,22254,0.10000000000000001,-0.10000000000000001,10000000,5,1000,3571428.571,1,2.0000000000000002e-05,1000,0.69999999999999996,1,132.1648104349994,17.248510755999831,13.050758896584583,0.16960669100000003,132.33729199800001,22254,9733,0.43735957580659657,3,0.18444821683253088,3,24715210.54604008,23503300.481935751,632.54873970022891,2.5593499942956266e-05,0.029967812810427506,622912,27.99101285162218,0.0019389226052801689,0.00017798291594169581,-2.600774603275766e-10,293.1567095894203,1074.9452650147475,99999.923364588321,100000.06678131766,-0.029397626370833436,0.029397634694097518,-0.10306482174960559,0.10306483124174606,0.99965381106261442,0.20991253794123607,0.38121908642339097,0.99796729368036818,4,3,21286071,151367616,2187,0,0.063741156215116931,0.21028733098259014,9687527424
23,FLOW_INTENSITY__BC2_NOMINAL_v010__M2_216x72__C16,FLOW_INTENSITY,FLOW,BC2_NOMINAL_v010,M2_216x72,216,72,0.1,nominal_chemistry,10000000,5,1000,16,C16,complete,results/FLOW/BC2_NOMINAL_v010/M2_216x72/C16,59.213701120,0,FLOW_INTENSITY__BC2_NOMINAL_v010__M2_216x72__C16,RMT_FINALVOL2,16,216,72,15552,216,72,16,500,2,22254,0.10000000000000001,-0.10000000000000001,10000000,5,1000,3571428.571,1,2.0000000000000002e-05,1000,0.69999999999999996,1,58.798826465999809,11.475606781999971,19.516727580669823,0.17046956900000002,58.976613669999999,22254,9733,0.43735957580659657,3,0.18444821683253088,3,24715210.54604008,23503300.481935751,632.54873970022891,2.5593499942956266e-05,0.029967812810427506,622912,27.99101285162218,0.0019389226052801689,0.00017798291594169576,-2.6007746032757702e-10,293.1567095894203,1074.9452650147475,99999.923364588321,100000.06678131766,-0.029397626370833436,0.029397634694097518,-0.10306482174960559,0.10306483124174606,0.99965381106261442,0.20991253794123607,0.38121908642339097,0.99796729368036818,4,3,21286071,151367616,2187,0,0.063741156215116931,0.21028733098259014,9687527424
24,FLOW_INTENSITY__BC2_NOMINAL_v010__M3_432x144__C1,FLOW_INTENSITY,FLOW,BC2_NOMINAL_v010,M3_432x144,432,144,0.1,nominal_chemistry,10000000,5,1000,1,C1,complete,results/FLOW/BC2_NOMINAL_v010/M3_432x144/C1,3896.950974208,0,FLOW_INTENSITY__BC2_NOMINAL_v010__M3_432x144__C1,RMT_FINALVOL2,1,432,144,62208,432,144,16,500,2,48573,0.10000000000000001,-0.10000000000000001,10000000,5,1000,3571428.571,1,2.0000000000000002e-05,1000,0.69999999999999996,1,3895.6429838159925,462.99871935799916,11.885039806816868,0.80545327000000011,3896.475644311,48573,19187,0.39501369073353509,4,0.19529617021061207,3,9622153.8880876489,3326913.9437046144,120.09329493434052,1.2480916053838795e-05,0.033049056413119185,1534960,31.601095258682808,0.0027240175709994929,0.00014008898015433437,-4.2122314400777314e-10,293.0774733264214,1085.0957043526432,99999.987621094624,100000.00977955847,-0.027467717325824773,0.027467721838517242,-0.10292669056291856,0.10292627144542157,0.99984988284398657,0.20996088098398663,0.38638865131179856,0.99892773485141617,5,4,377657721,1193584896,19683,0,0.058614395870688868,0.26729329256159945,95486791680
25,FLOW_INTENSITY__BC2_NOMINAL_v010__M3_432x144__C2,FLOW_INTENSITY,FLOW,BC2_NOMINAL_v010,M3_432x144,432,144,0.1,nominal_chemistry,10000000,5,1000,2,C2,complete,results/FLOW/BC2_NOMINAL_v010/M3_432x144/C2,2025.354685184,0,FLOW_INTENSITY__BC2_NOMINAL_v010__M3_432x144__C2,RMT_FINALVOL2,2,432,144,62208,432,144,16,500,2,48573,0.10000000000000001,-0.10000000000000001,10000000,5,1000,3571428.571,1,2.0000000000000002e-05,1000,0.69999999999999996,1,2024.6532687979964,257.85818567899639,12.735918275630601,0.59010302099999989,2025.2605676769999,48573,19187,0.39501369073353509,4,0.19529617021061207,3,9622153.8880876489,3326913.9437046144,120.09329493434052,1.2480916053838795e-05,0.033049056413119185,1534960,31.601095258682808,0.0027240175709994929,0.00014008898015433383,-4.2122314400777666e-10,293.0774733264214,1085.0957043526432,99999.987621094624,100000.00977955847,-0.027467717325824773,0.027467721838517242,-0.10292669056291856,0.10292627144542157,0.99984988284398657,0.20996088098398663,0.38638865131179856,0.99892773485141617,5,4,377657721,1193584896,19683,0,0.058614395870688868,0.26729329256159945,95486791680
26,FLOW_INTENSITY__BC2_NOMINAL_v010__M3_432x144__C4,FLOW_INTENSITY,FLOW,BC2_NOMINAL_v010,M3_432x144,432,144,0.1,nominal_chemistry,10000000,5,1000,4,C4,complete,results/FLOW/BC2_NOMINAL_v010/M3_432x144/C4,1066.367870208,0,FLOW_INTENSITY__BC2_NOMINAL_v010__M3_432x144__C4,RMT_FINALVOL2,4,432,144,62208,432,144,16,500,2,48573,0.10000000000000001,-0.10000000000000001,10000000,5,1000,3571428.571,1,2.0000000000000002e-05,1000,0.69999999999999996,1,1065.6767072979983,147.1184693480005,13.80516889789366,0.589517972,1066.2758463489999,48573,19187,0.39501369073353509,4,0.19529617021061207,3,9622153.8880876489,3326913.9437046144,120.09329493434052,1.2480916053838795e-05,0.033049056413119185,1534960,31.601095258682808,0.0027240175709994929,0.0001400889801543341,-4.2122314400777449e-10,293.0774733264214,1085.0957043526432,99999.987621094624,100000.00977955847,-0.027467717325824773,0.027467721838517242,-0.10292669056291856,0.10292627144542157,0.99984988284398657,0.20996088098398663,0.38638865131179856,0.99892773485141617,5,4,377657721,1193584896,19683,0,0.058614395870688868,0.26729329256159945,95486791680
27,FLOW_INTENSITY__BC2_NOMINAL_v010__M3_432x144__C16,FLOW_INTENSITY,FLOW,BC2_NOMINAL_v010,M3_432x144,432,144,0.1,nominal_chemistry,10000000,5,1000,16,C16,complete,results/FLOW/BC2_NOMINAL_v010/M3_432x144/C16,353.314198272,0,FLOW_INTENSITY__BC2_NOMINAL_v010__M3_432x144__C16,RMT_FINALVOL2,16,432,144,62208,432,144,16,500,2,48573,0.10000000000000001,-0.10000000000000001,10000000,5,1000,3571428.571,1,2.0000000000000002e-05,1000,0.69999999999999996,1,352.23092048699601,67.104338377999866,19.051234424627207,0.59353744499999994,352.837513446,48573,19187,0.39501369073353509,4,0.19529617021061207,3,9622153.8880876489,3326913.9437046144,120.09329493434052,1.2480916053838795e-05,0.033049056413119185,1534960,31.601095258682808,0.0027240175709994929,0.00014008898015433404,-4.212231440077748e-10,293.0774733264214,1085.0957043526432,99999.987621094624,100000.00977955847,-0.027467717325824773,0.027467721838517242,-0.10292669056291856,0.10292627144542157,0.99984988284398657,0.20996088098398663,0.38638865131179856,0.99892773485141617,5,4,377657721,1193584896,19683,0,0.058614395870688868,0.26729329256159945,95486791680
28,FLOW_INTENSITY__BC2_NOMINAL_v010__M4_864x288__C1,FLOW_INTENSITY,FLOW,BC2_NOMINAL_v010,M4_864x288,864,288,0.1,nominal_chemistry,10000000,5,1000,1,C1,complete,results/FLOW/BC2_NOMINAL_v010/M4_864x288/C1,61462.065055232,0,FLOW_INTENSITY__BC2_NOMINAL_v010__M4_864x288__C1,RMT_FINALVOL2,1,864,288,248832,864,288,16,500,2,194042,0.10000000000000001,-0.10000000000000001,10000000,5,1000,3571428.571,1,2.0000000000000002e-05,1000,0.69999999999999996,1,61458.886103058532,8859.0805942346851,14.414645555695824,2.3573569289999998,61461.578002784998,194042,87365,0.45023757743169007,6,0.18910097327776454,2,56325835.28499867,7297160.750435546,3074.1796679040999,5.4578501185988624e-05,0.020525212692501134,6989200,36.019006194535201,0.025828594699483065,0.0006767245963689801,3.7510568501943104e-09,293.04121329665895,1082.8019407895447,99999.980299224961,100000.01562214919,-0.027337472059444076,0.027337470065555137,-0.1016925816452417,0.10169295720561315,0.99991765013806311,0.20997927874939146,0.38529019117651553,0.99945493965516952,5,4,1719605295,21739207680,19683,0,0.043386287190111568,0.87490910164422342,1739136614400
29,FLOW_INTENSITY__BC2_NOMINAL_v010__M4_864x288__C2,FLOW_INTENSITY,FLOW,BC2_NOMINAL_v010,M4_864x288,864,288,0.1,nominal_chemistry,10000000,5,1000,2,C2,complete,results/FLOW/BC2_NOMINAL_v010/M4_864x288/C2,31227.294965760,0,FLOW_INTENSITY__BC2_NOMINAL_v010__M4_864x288__C2,RMT_FINALVOL2,2,864,288,248832,864,288,16,500,2,194042,0.10000000000000001,-0.10000000000000001,10000000,5,1000,3571428.571,1,2.0000000000000002e-05,1000,0.69999999999999996,1,31224.646527173973,4629.5425774909836,14.826565205348336,2.3643935919999999,31227.199895940001,194042,87365,0.45023757743169007,6,0.18910097327776454,2,56325835.28499867,7297160.750435546,3074.1796679040999,5.4578501185988624e-05,0.020525212692501134,6989200,36.019006194535201,0.025828594699483065,0.00067672459636898454,3.7510568501942856e-09,293.04121329665895,1082.8019407895447,99999.980299224961,100000.01562214919,-0.027337472059444076,0.027337470065555137,-0.1016925816452417,0.10169295720561315,0.99991765013806311,0.20997927874939146,0.38529019117651553,0.99945493965516952,5,4,1719605295,21739207680,19683,0,0.043386287190111568,0.87490910164422342,1739136614400
30,FLOW_INTENSITY__BC2_NOMINAL_v010__M4_864x288__C4,FLOW_INTENSITY,FLOW,BC2_NOMINAL_v010,M4_864x288,864,288,0.1,nominal_chemistry,10000000,5,1000,4,C4,complete,results/FLOW/BC2_NOMINAL_v010/M4_864x288/C4,16151.543356416,0,FLOW_INTENSITY__BC2_NOMINAL_v010__M4_864x288__C4,RMT_FINALVOL2,4,864,288,248832,864,288,16,500,2,194042,0.10000000000000001,-0.10000000000000001,10000000,5,1000,3571428.571,1,2.0000000000000002e-05,1000,0.69999999999999996,1,16147.894498512265,2551.2978943328726,15.799569996992043,3.2267498859999999,16151.237692949,194042,87365,0.45023757743169007,6,0.18910097327776454,2,56325835.28499867,7297160.750435546,3074.1796679040999,5.4578501185988624e-05,0.020525212692501134,6989200,36.019006194535201,0.025828594699483065,0.00067672459636898433,3.7510568501942906e-09,293.04121329665895,1082.8019407895447,99999.980299224961,100000.01562214919,-0.027337472059444076,0.027337470065555137,-0.1016925816452417,0.10169295720561315,0.99991765013806311,0.20997927874939146,0.38529019117651553,0.99945493965516952,5,4,1719605295,21739207680,19683,0,0.043386287190111568,0.87490910164422342,1739136614400
31,FLOW_INTENSITY__BC2_NOMINAL_v010__M4_864x288__C16,FLOW_INTENSITY,FLOW,BC2_NOMINAL_v010,M4_864x288,864,288,0.1,nominal_chemistry,10000000,5,1000,16,C16,complete,results/FLOW/BC2_NOMINAL_v010/M4_864x288/C16,4893.869195776,0,FLOW_INTENSITY__BC2_NOMINAL_v010__M4_864x288__C16,RMT_FINALVOL2,16,864,288,248832,864,288,16,500,2,194042,0.10000000000000001,-0.10000000000000001,10000000,5,1000,3571428.571,1,2.0000000000000002e-05,1000,0.69999999999999996,1,4891.0656016190742,1037.7489948680457,21.217237293331802,2.3637867789999998,4893.4960117569999,194042,87365,0.45023757743169007,6,0.18910097327776454,2,56325835.28499867,7297160.750435546,3074.1796679040999,5.4578501185988624e-05,0.020525212692501134,6989200,36.019006194535201,0.025828594699483065,0.00067672459636898173,3.7510568501942997e-09,293.04121329665895,1082.8019407895447,99999.980299224961,100000.01562214919,-0.027337472059444076,0.027337470065555137,-0.1016925816452417,0.10169295720561315,0.99991765013806311,0.20997927874939146,0.38529019117651553,0.99945493965516952,5,4,1719605295,21739207680,19683,0,0.043386287190111568,0.87490910164422342,1739136614400
32,FLOW_INTENSITY__BC3_HIGH_v020__M1_108x36__C1,FLOW_INTENSITY,FLOW,BC3_HIGH_v020,M1_108x36,108,36,0.2,nominal_chemistry,10000000,5,1000,1,C1,complete,results/FLOW/BC3_HIGH_v020/M1_108x36/C1,110.492656896,0,FLOW_INTENSITY__BC3_HIGH_v020__M1_108x36__C1,RMT_FINALVOL2,1,108,36,3888,108,36,16,500,2,24443,0.20000000000000001,-0.20000000000000001,10000000,5,1000,3571428.571,1,2.0000000000000002e-05,1000,0.69999999999999996,1,110.32624263299994,9.7783664780000272,8.8631374046950437,0.077587908000000011,110.40588509600001,24443,9447,0.38649101992390461,3,0.10309246387031426,2,1413705.8467635899,523510.31386455544,141.00754636676902,9.9743200956251907e-05,0.01641188845816129,453456,18.55156895634742,0.0064462314129833942,0.00098756531736878374,5.1882217502770171e-08,293.03355479391433,1056.7298270810966,99999.980379327229,100000.01852884406,-0.077041558131586363,0.077046224368933366,-0.18529575926842975,0.18529576306650133,0.99985833537866742,0.2099676079354853,0.37978098807987032,0.99791002489502489,3,2,2295621,36729936,243,0,0.014673868384213249,0.18955617640179229,1763036928
33,FLOW_INTENSITY__BC3_HIGH_v020__M1_108x36__C2,FLOW_INTENSITY,FLOW,BC3_HIGH_v020,M1_108x36,108,36,0.2,nominal_chemistry,10000000,5,1000,2,C2,complete,results/FLOW/BC3_HIGH_v020/M1_108x36/C2,64.203298048,0,FLOW_INTENSITY__BC3_HIGH_v020__M1_108x36__C2,RMT_FINALVOL2,2,108,36,3888,108,36,16,500,2,24443,0.20000000000000001,-0.20000000000000001,10000000,5,1000,3571428.571,1,2.0000000000000002e-05,1000,0.69999999999999996,1,64.047251482000163,9.231720815000017,14.413921911378974,0.077693956000000008,64.126707839000005,24443,9447,0.38649101992390461,3,0.10309246387031426,2,1413705.8467635899,523510.31386455544,141.00754636676902,9.9743200956251907e-05,0.01641188845816129,453456,18.55156895634742,0.0064462314129833942,0.00098756531736878396,5.188221750277023e-08,293.03355479391433,1056.7298270810966,99999.980379327229,100000.01852884406,-0.077041558131586363,0.077046224368933366,-0.18529575926842975,0.18529576306650133,0.99985833537866742,0.2099676079354853,0.37978098807987032,0.99791002489502489,3,2,2295621,36729936,243,0,0.014673868384213249,0.18955617640179229,1763036928
34,FLOW_INTENSITY__BC3_HIGH_v020__M1_108x36__C4,FLOW_INTENSITY,FLOW,BC3_HIGH_v020,M1_108x36,108,36,0.2,nominal_chemistry,10000000,5,1000,4,C4,complete,results/FLOW/BC3_HIGH_v020/M1_108x36/C4,41.678217728,0,FLOW_INTENSITY__BC3_HIGH_v020__M1_108x36__C4,RMT_FINALVOL2,4,108,36,3888,108,36,16,500,2,24443,0.20000000000000001,-0.20000000000000001,10000000,5,1000,3571428.571,1,2.0000000000000002e-05,1000,0.69999999999999996,1,41.17043357499962,8.9513423049999776,21.742161856744694,0.077581181999999943,41.249841721999999,24443,9447,0.38649101992390461,3,0.10309246387031426,2,1413705.8467635899,523510.31386455544,141.00754636676902,9.9743200956251907e-05,0.01641188845816129,453456,18.55156895634742,0.0064462314129833942,0.00098756531736878374,5.1882217502770224e-08,293.03355479391433,1056.7298270810966,99999.980379327229,100000.01852884406,-0.077041558131586363,0.077046224368933366,-0.18529575926842975,0.18529576306650133,0.99985833537866742,0.2099676079354853,0.37978098807987032,0.99791002489502489,3,2,2295621,36729936,243,0,0.014673868384213249,0.18955617640179229,1763036928
35,FLOW_INTENSITY__BC3_HIGH_v020__M1_108x36__C16,FLOW_INTENSITY,FLOW,BC3_HIGH_v020,M1_108x36,108,36,0.2,nominal_chemistry,10000000,5,1000,16,C16,complete,results/FLOW/BC3_HIGH_v020/M1_108x36/C16,31.391649280,0,FLOW_INTENSITY__BC3_HIGH_v020__M1_108x36__C16,RMT_FINALVOL2,16,108,36,3888,108,36,16,500,2,24443,0.20000000000000001,-0.20000000000000001,10000000,5,1000,3571428.571,1,2.0000000000000002e-05,1000,0.69999999999999996,1,30.928918116000059,8.9470411430000532,28.927753338942676,0.077104229999999996,31.008908527999999,24443,9447,0.38649101992390461,3,0.10309246387031426,2,1413705.8467635899,523510.31386455544,141.00754636676902,9.9743200956251907e-05,0.01641188845816129,453456,18.55156895634742,0.0064462314129833942,0.00098756531736878417,5.1882217502770217e-08,293.03355479391433,1056.7298270810966,99999.980379327229,100000.01852884406,-0.077041558131586363,0.077046224368933366,-0.18529575926842975,0.18529576306650133,0.99985833537866742,0.2099676079354853,0.37978098807987032,0.99791002489502489,3,2,2295621,36729936,243,0,0.014673868384213249,0.18955617640179229,1763036928
36,FLOW_INTENSITY__BC3_HIGH_v020__M2_216x72__C1,FLOW_INTENSITY,FLOW,BC3_HIGH_v020,M2_216x72,216,72,0.2,nominal_chemistry,10000000,5,1000,1,C1,complete,results/FLOW/BC3_HIGH_v020/M2_216x72/C1,805.180354560,0,FLOW_INTENSITY__BC3_HIGH_v020__M2_216x72__C1,RMT_FINALVOL2,1,216,72,15552,216,72,16,500,2,46331,0.20000000000000001,-0.20000000000000001,10000000,5,1000,3571428.571,1,2.0000000000000002e-05,1000,0.69999999999999996,1,804.57345473499856,104.14230643699905,12.943791001817264,0.20801741600000001,804.78937681599996,46331,20747,0.44779952947270724,3,0.18330732303694597,3,6617916.0749913892,2531883.9870802304,77.923672685574275,1.1774654106002042e-05,0.031338283408266332,1327808,28.659169886253263,0.0018102094279797143,0.0001710303871073716,-4.1215129304661314e-09,293.01662713427572,1029.5072096066592,99999.976223250735,100000.02011258926,-0.088963542353825267,0.088963539346596177,-0.20858340684425328,0.20858340249080984,0.99994369619461509,0.20998699392362158,0.36833005252999013,0.99897877449977879,4,3,45373689,322657344,2187,0,0.064367541585377303,0.20774999549036752,20650070016
37,FLOW_INTENSITY__BC3_HIGH_v020__M2_216x72__C2,FLOW_INTENSITY,FLOW,BC3_HIGH_v020,M2_216x72,216,72,0.2,nominal_chemistry,10000000,5,1000,2,C2,complete,results/FLOW/BC3_HIGH_v020/M2_216x72/C2,428.717227776,0,FLOW_INTENSITY__BC3_HIGH_v020__M2_216x72__C2,RMT_FINALVOL2,2,216,72,15552,216,72,16,500,2,46331,0.20000000000000001,-0.20000000000000001,10000000,5,1000,3571428.571,1,2.0000000000000002e-05,1000,0.69999999999999996,1,427.83747274299964,58.482726680000539,13.66937923998324,0.46073213400000002,428.30511674899998,46331,20747,0.44779952947270724,3,0.18330732303694597,3,6617916.0749913892,2531883.9870802304,77.923672685574275,1.1774654106002042e-05,0.031338283408266332,1327808,28.659169886253263,0.0018102094279797143,0.00017103038710737157,-4.121512930466138e-09,293.01662713427572,1029.5072096066592,99999.976223250735,100000.02011258926,-0.088963542353825267,0.088963539346596177,-0.20858340684425328,0.20858340249080984,0.99994369619461509,0.20998699392362158,0.36833005252999013,0.99897877449977879,4,3,45373689,322657344,2187,0,0.064367541585377303,0.20774999549036752,20650070016
38,FLOW_INTENSITY__BC3_HIGH_v020__M2_216x72__C4,FLOW_INTENSITY,FLOW,BC3_HIGH_v020,M2_216x72,216,72,0.2,nominal_chemistry,10000000,5,1000,4,C4,complete,results/FLOW/BC3_HIGH_v020/M2_216x72/C4,237.551768064,0,FLOW_INTENSITY__BC3_HIGH_v020__M2_216x72__C4,RMT_FINALVOL2,4,216,72,15552,216,72,16,500,2,46331,0.20000000000000001,-0.20000000000000001,10000000,5,1000,3571428.571,1,2.0000000000000002e-05,1000,0.69999999999999996,1,237.26033261099994,36.779486399999627,15.501742746142659,0.2099538,237.475501928,46331,20747,0.44779952947270724,3,0.18330732303694597,3,6617916.0749913892,2531883.9870802304,77.923672685574275,1.1774654106002042e-05,0.031338283408266332,1327808,28.659169886253263,0.0018102094279797143,0.0001710303871073717,-4.1215129304661297e-09,293.01662713427572,1029.5072096066592,99999.976223250735,100000.02011258926,-0.088963542353825267,0.088963539346596177,-0.20858340684425328,0.20858340249080984,0.99994369619461509,0.20998699392362158,0.36833005252999013,0.99897877449977879,4,3,45373689,322657344,2187,0,0.064367541585377303,0.20774999549036752,20650070016
39,FLOW_INTENSITY__BC3_HIGH_v020__M2_216x72__C16,FLOW_INTENSITY,FLOW,BC3_HIGH_v020,M2_216x72,216,72,0.2,nominal_chemistry,10000000,5,1000,16,C16,complete,results/FLOW/BC3_HIGH_v020/M2_216x72/C16,104.755272448,0,FLOW_INTENSITY__BC3_HIGH_v020__M2_216x72__C16,RMT_FINALVOL2,16,216,72,15552,216,72,16,500,2,46331,0.20000000000000001,-0.20000000000000001,10000000,5,1000,3571428.571,1,2.0000000000000002e-05,1000,0.69999999999999996,1,104.14611724300049,22.94059188200011,22.027313633280851,0.20993852500000001,104.36423581299999,46331,20747,0.44779952947270724,3,0.18330732303694597,3,6617916.0749913892,2531883.9870802304,77.923672685574275,1.1774654106002042e-05,0.031338283408266332,1327808,28.659169886253263,0.0018102094279797143,0.00017103038710737168,-4.121512930466138e-09,293.01662713427572,1029.5072096066592,99999.976223250735,100000.02011258926,-0.088963542353825267,0.088963539346596177,-0.20858340684425328,0.20858340249080984,0.99994369619461509,0.20998699392362158,0.36833005252999013,0.99897877449977879,4,3,45373689,322657344,2187,0,0.064367541585377303,0.20774999549036752,20650070016
40,FLOW_INTENSITY__BC3_HIGH_v020__M3_432x144__C1,FLOW_INTENSITY,FLOW,BC3_HIGH_v020,M3_432x144,432,144,0.2,nominal_chemistry,10000000,5,1000,1,C1,complete,results/FLOW/BC3_HIGH_v020/M3_432x144/C1,6991.396785408,0,FLOW_INTENSITY__BC3_HIGH_v020__M3_432x144__C1,RMT_FINALVOL2,1,432,144,62208,432,144,16,500,2,88150,0.20000000000000001,-0.20000000000000001,10000000,5,1000,3571428.571,1,2.0000000000000002e-05,1000,0.69999999999999996,1,6990.5630858429777,865.82559987299851,12.385634593963333,0.67164859300000002,6991.2782481439999,88150,35913,0.40740782756664778,4,0.18735821502703223,3,70045288.433250934,50775763.625814542,2424.2819825347979,3.4610207720751938e-05,0.036277907022845376,2873040,32.592626205331818,0.011330131627445006,0.0005896638637861776,-1.2703091839922546e-08,293.00759786783374,1031.0322185703567,99999.927340445764,100000.05603181227,-0.091714944928628542,0.091714943557257234,-0.20826683598079435,0.20826627840304274,0.99998219051341186,0.20999552503240626,0.37187592713945683,0.99943947188977655,5,4,706875579,2234075904,19683,0,0.05896201927112614,0.24276939968058239,178726072320
41,FLOW_INTENSITY__BC3_HIGH_v020__M3_432x144__C2,FLOW_INTENSITY,FLOW,BC3_HIGH_v020,M3_432x144,432,144,0.2,nominal_chemistry,10000000,5,1000,2,C2,complete,results/FLOW/BC3_HIGH_v020/M3_432x144/C2,3631.340029696,0,FLOW_INTENSITY__BC3_HIGH_v020__M3_432x144__C2,RMT_FINALVOL2,2,432,144,62208,432,144,16,500,2,88150,0.20000000000000001,-0.20000000000000001,10000000,5,1000,3571428.571,1,2.0000000000000002e-05,1000,0.69999999999999996,1,3630.5446981489731,480.96479488199543,13.247730984477741,0.67095420200000011,3631.2415681729999,88150,35913,0.40740782756664778,4,0.18735821502703223,3,70045288.433250934,50775763.625814542,2424.2819825347979,3.4610207720751938e-05,0.036277907022845376,2873040,32.592626205331818,0.011330131627445006,0.00058966386378617413,-1.2703091839922541e-08,293.00759786783374,1031.0322185703567,99999.927340445764,100000.05603181227,-0.091714944928628542,0.091714943557257234,-0.20826683598079435,0.20826627840304274,0.99998219051341186,0.20999552503240626,0.37187592713945683,0.99943947188977655,5,4,706875579,2234075904,19683,0,0.05896201927112614,0.24276939968058239,178726072320
42,FLOW_INTENSITY__BC3_HIGH_v020__M3_432x144__C4,FLOW_INTENSITY,FLOW,BC3_HIGH_v020,M3_432x144,432,144,0.2,nominal_chemistry,10000000,5,1000,4,C4,complete,results/FLOW/BC3_HIGH_v020/M3_432x144/C4,1921.513825536,0,FLOW_INTENSITY__BC3_HIGH_v020__M3_432x144__C4,RMT_FINALVOL2,4,432,144,62208,432,144,16,500,2,88150,0.20000000000000001,-0.20000000000000001,10000000,5,1000,3571428.571,1,2.0000000000000002e-05,1000,0.69999999999999996,1,1920.6553826889858,276.1325937269998,14.376998404596891,0.65421992100000004,1921.324505066,88150,35913,0.40740782756664778,4,0.18735821502703223,3,70045288.433250934,50775763.625814542,2424.2819825347979,3.4610207720751938e-05,0.036277907022845376,2873040,32.592626205331818,0.011330131627445006,0.00058966386378617641,-1.270309183992248e-08,293.00759786783374,1031.0322185703567,99999.927340445764,100000.05603181227,-0.091714944928628542,0.091714943557257234,-0.20826683598079435,0.20826627840304274,0.99998219051341186,0.20999552503240626,0.37187592713945683,0.99943947188977655,5,4,706875579,2234075904,19683,0,0.05896201927112614,0.24276939968058239,178726072320
43,FLOW_INTENSITY__BC3_HIGH_v020__M3_432x144__C16,FLOW_INTENSITY,FLOW,BC3_HIGH_v020,M3_432x144,432,144,0.2,nominal_chemistry,10000000,5,1000,16,C16,complete,results/FLOW/BC3_HIGH_v020/M3_432x144/C16,638.214599424,0,FLOW_INTENSITY__BC3_HIGH_v020__M3_432x144__C16,RMT_FINALVOL2,16,432,144,62208,432,144,16,500,2,88150,0.20000000000000001,-0.20000000000000001,10000000,5,1000,3571428.571,1,2.0000000000000002e-05,1000,0.69999999999999996,1,637.25320623098958,125.446965338998,19.685576174806467,0.65860669300000008,637.92672090400004,88150,35913,0.40740782756664778,4,0.18735821502703223,3,70045288.433250934,50775763.625814542,2424.2819825347979,3.4610207720751938e-05,0.036277907022845376,2873040,32.592626205331818,0.011330131627445006,0.00058966386378617804,-1.2703091839922497e-08,293.00759786783374,1031.0322185703567,99999.927340445764,100000.05603181227,-0.091714944928628542,0.091714943557257234,-0.20826683598079435,0.20826627840304274,0.99998219051341186,0.20999552503240626,0.37187592713945683,0.99943947188977655,5,4,706875579,2234075904,19683,0,0.05896201927112614,0.24276939968058239,178726072320
44,FLOW_INTENSITY__BC3_HIGH_v020__M4_864x288__C1,FLOW_INTENSITY,FLOW,BC3_HIGH_v020,M4_864x288,864,288,0.2,nominal_chemistry,10000000,5,1000,1,C1,complete,results/FLOW/BC3_HIGH_v020/M4_864x288/C1,62832.391151872,0,FLOW_INTENSITY__BC3_HIGH_v020__M4_864x288__C1,RMT_FINALVOL2,1,864,288,248832,864,288,16,500,2,194178,0.20000000000000001,-0.20000000000000001,10000000,5,1000,3571428.571,1,2.0000000000000002e-05,1000,0.69999999999999996,1,62829.356238364395,9669.4460619266611,15.3900129507015,2.3982604249999997,62832.094531745002,194178,95271,0.49063745635447886,6,0.25910281147113801,2,105984392.96227199,5302267.1354416162,4253.3323705430375,4.0131685917728722e-05,0.028322648238086424,7621680,39.250996508358313,0.040540191384429991,0.0010627948393694983,3.9802510691246785e-08,293.00468312684404,1036.7038647254167,99999.957871710634,100000.03106776877,-0.08988317942397904,0.089883179303895389,-0.20590935800116969,0.20590931963857273,0.99999082197963807,0.20999781090093997,0.37465075553430405,0.99968918173727528,5,4,1875219093,23706473472,19683,0,0.044319053337089472,0.87487101067457762,1896517877760
45,FLOW_INTENSITY__BC3_HIGH_v020__M4_864x288__C2,FLOW_INTENSITY,FLOW,BC3_HIGH_v020,M4_864x288,864,288,0.2,nominal_chemistry,10000000,5,1000,2,C2,complete,results/FLOW/BC3_HIGH_v020/M4_864x288/C2,31916.338655232,0,FLOW_INTENSITY__BC3_HIGH_v020__M4_864x288__C2,RMT_FINALVOL2,2,864,288,248832,864,288,16,500,2,194178,0.20000000000000001,-0.20000000000000001,10000000,5,1000,3571428.571,1,2.0000000000000002e-05,1000,0.69999999999999996,1,31913.487448155993,5033.313466592198,15.771743764353245,2.3522784729999997,31916.015525520001,194178,95271,0.49063745635447886,6,0.25910281147113801,2,105984392.96227199,5302267.1354416162,4253.3323705430375,4.0131685917728722e-05,0.028322648238086424,7621680,39.250996508358313,0.040540191384429991,0.0010627948393695068,3.9802510691246673e-08,293.00468312684404,1036.7038647254167,99999.957871710634,100000.03106776877,-0.08988317942397904,0.089883179303895389,-0.20590935800116969,0.20590931963857273,0.99999082197963807,0.20999781090093997,0.37465075553430405,0.99968918173727528,5,4,1875219093,23706473472,19683,0,0.044319053337089472,0.87487101067457762,1896517877760
46,FLOW_INTENSITY__BC3_HIGH_v020__M4_864x288__C4,FLOW_INTENSITY,FLOW,BC3_HIGH_v020,M4_864x288,864,288,0.2,nominal_chemistry,10000000,5,1000,4,C4,complete,results/FLOW/BC3_HIGH_v020/M4_864x288/C4,16528.527373824,0,FLOW_INTENSITY__BC3_HIGH_v020__M4_864x288__C4,RMT_FINALVOL2,4,864,288,248832,864,288,16,500,2,194178,0.20000000000000001,-0.20000000000000001,10000000,5,1000,3571428.571,1,2.0000000000000002e-05,1000,0.69999999999999996,1,16525.422639445907,2793.1557608899598,16.9021744365118,2.4082626390000001,16527.946935366999,194178,95271,0.49063745635447886,6,0.25910281147113801,2,105984392.96227199,5302267.1354416162,4253.3323705430375,4.0131685917728722e-05,0.028322648238086424,7621680,39.250996508358313,0.040540191384429991,0.0010627948393695107,3.9802510691246606e-08,293.00468312684404,1036.7038647254167,99999.957871710634,100000.03106776877,-0.08988317942397904,0.089883179303895389,-0.20590935800116969,0.20590931963857273,0.99999082197963807,0.20999781090093997,0.37465075553430405,0.99968918173727528,5,4,1875219093,23706473472,19683,0,0.044319053337089472,0.87487101067457762,1896517877760
47,FLOW_INTENSITY__BC3_HIGH_v020__M4_864x288__C16,FLOW_INTENSITY,FLOW,BC3_HIGH_v020,M4_864x288,864,288,0.2,nominal_chemistry,10000000,5,1000,16,C16,complete,results/FLOW/BC3_HIGH_v020/M4_864x288/C16,5004.868800256,0,FLOW_INTENSITY__BC3_HIGH_v020__M4_864x288__C16,RMT_FINALVOL2,16,864,288,248832,864,288,16,500,2,194178,0.20000000000000001,-0.20000000000000001,10000000,5,1000,3571428.571,1,2.0000000000000002e-05,1000,0.69999999999999996,1,5002.2136224740007,1125.788935707016,22.505814838635818,2.4160559140000002,5004.7029983700004,194178,95271,0.49063745635447886,6,0.25910281147113801,2,105984392.96227199,5302267.1354416162,4253.3323705430375,4.0131685917728722e-05,0.028322648238086424,7621680,39.250996508358313,0.040540191384429991,0.0010627948393695081,3.980251069124656e-08,293.00468312684404,1036.7038647254167,99999.957871710634,100000.03106776877,-0.08988317942397904,0.089883179303895389,-0.20590935800116969,0.20590931963857273,0.99999082197963807,0.20999781090093997,0.37465075553430405,0.99968918173727528,5,4,1875219093,23706473472,19683,0,0.044319053337089472,0.87487101067457762,1896517877760
48,REACTION_STIFFNESS__S1_LOW_A1e7_Ta1000__M1_108x36__C1,REACTION_STIFFNESS,STIFFNESS,S1_LOW_A1e7_Ta1000,M1_108x36,108,36,0.1,low,10000000,5,1000,1,C1,complete,results/STIFFNESS/S1_LOW_A1e7_Ta1000/M1_108x36/C1,87.662973184,0,REACTION_STIFFNESS__S1_LOW_A1e7_Ta1000__M1_108x36__C1,RMT_FINALVOL2,1,108,36,3888,108,36,16,500,2,20033,0.10000000000000001,-0.10000000000000001,10000000,5,1000,3571428.571,1,2.0000000000000002e-05,1000,0.69999999999999996,1,87.124906369999877,6.4313178059999618,7.3817213400351926,0.070298407000000007,87.197304818999996,20033,6136,0.30629461388708629,3,0.14995549938066949,2,377878.75614581577,28944.682050365431,6.0403005279035824,1.5984758152354964e-05,0.014445909234997624,294528,14.702141466580143,0.00054460950368806493,7.4722260391846506e-05,4.9975961230619305e-10,293.37417389961053,1073.7662428902979,99999.995231480279,100000.00499193775,-0.031704778861035059,0.031704778839401482,-0.091588970424317531,0.091588970421252691,0.99909703774779979,0.20977333808150606,0.3815751973598791,0.99590625127423071,3,2,1491048,23856768,243,0,0.01476394842925967,0.18008718580199048,1145124864
49,REACTION_STIFFNESS__S1_LOW_A1e7_Ta1000__M1_108x36__C2,REACTION_STIFFNESS,STIFFNESS,S1_LOW_A1e7_Ta1000,M1_108x36,108,36,0.1,low,10000000,5,1000,2,C2,complete,results/STIFFNESS/S1_LOW_A1e7_Ta1000/M1_108x36/C2,50.811035392,0,REACTION_STIFFNESS__S1_LOW_A1e7_Ta1000__M1_108x36__C2,RMT_FINALVOL2,2,108,36,3888,108,36,16,500,2,20033,0.10000000000000001,-0.10000000000000001,10000000,5,1000,3571428.571,1,2.0000000000000002e-05,1000,0.69999999999999996,1,50.289965480999477,6.1005387999999696,12.130727753839624,0.070583132000000007,50.362303292,20033,6136,0.30629461388708629,3,0.14995549938066949,2,377878.75614581577,28944.682050365431,6.0403005279035824,1.5984758152354964e-05,0.014445909234997624,294528,14.702141466580143,0.00054460950368806493,7.4722260391846561e-05,4.9975961230619388e-10,293.37417389961053,1073.7662428902979,99999.995231480279,100000.00499193775,-0.031704778861035059,0.031704778839401482,-0.091588970424317531,0.091588970421252691,0.99909703774779979,0.20977333808150606,0.3815751973598791,0.99590625127423071,3,2,1491048,23856768,243,0,0.01476394842925967,0.18008718580199048,1145124864
50,REACTION_STIFFNESS__S1_LOW_A1e7_Ta1000__M1_108x36__C4,REACTION_STIFFNESS,STIFFNESS,S1_LOW_A1e7_Ta1000,M1_108x36,108,36,0.1,low,10000000,5,1000,4,C4,complete,results/STIFFNESS/S1_LOW_A1e7_Ta1000/M1_108x36/C4,32.555835648,0,REACTION_STIFFNESS__S1_LOW_A1e7_Ta1000__M1_108x36__C4,RMT_FINALVOL2,4,108,36,3888,108,36,16,500,2,20033,0.10000000000000001,-0.10000000000000001,10000000,5,1000,3571428.571,1,2.0000000000000002e-05,1000,0.69999999999999996,1,32.089165548999908,5.9259763970000172,18.467218750051625,0.070025958999999999,32.160946985000002,20033,6136,0.30629461388708629,3,0.14995549938066949,2,377878.75614581577,28944.682050365431,6.0403005279035824,1.5984758152354964e-05,0.014445909234997624,294528,14.702141466580143,0.00054460950368806493,7.4722260391846574e-05,4.9975961230619388e-10,293.37417389961053,1073.7662428902979,99999.995231480279,100000.00499193775,-0.031704778861035059,0.031704778839401482,-0.091588970424317531,0.091588970421252691,0.99909703774779979,0.20977333808150606,0.3815751973598791,0.99590625127423071,3,2,1491048,23856768,243,0,0.01476394842925967,0.18008718580199048,1145124864
51,REACTION_STIFFNESS__S1_LOW_A1e7_Ta1000__M1_108x36__C16,REACTION_STIFFNESS,STIFFNESS,S1_LOW_A1e7_Ta1000,M1_108x36,108,36,0.1,low,10000000,5,1000,16,C16,complete,results/STIFFNESS/S1_LOW_A1e7_Ta1000/M1_108x36/C16,24.137440256,0,REACTION_STIFFNESS__S1_LOW_A1e7_Ta1000__M1_108x36__C16,RMT_FINALVOL2,16,108,36,3888,108,36,16,500,2,20033,0.10000000000000001,-0.10000000000000001,10000000,5,1000,3571428.571,1,2.0000000000000002e-05,1000,0.69999999999999996,1,23.614309521999886,5.9354386620000268,25.134923621079718,0.070172467000000016,23.688615721000001,20033,6136,0.30629461388708629,3,0.14995549938066949,2,377878.75614581577,28944.682050365431,6.0403005279035824,1.5984758152354964e-05,0.014445909234997624,294528,14.702141466580143,0.00054460950368806493,7.4722260391846574e-05,4.9975961230619336e-10,293.37417389961053,1073.7662428902979,99999.995231480279,100000.00499193775,-0.031704778861035059,0.031704778839401482,-0.091588970424317531,0.091588970421252691,0.99909703774779979,0.20977333808150606,0.3815751973598791,0.99590625127423071,3,2,1491048,23856768,243,0,0.01476394842925967,0.18008718580199048,1145124864
52,REACTION_STIFFNESS__S1_LOW_A1e7_Ta1000__M2_216x72__C1,REACTION_STIFFNESS,STIFFNESS,S1_LOW_A1e7_Ta1000,M2_216x72,216,72,0.1,low,10000000,5,1000,1,C1,complete,results/STIFFNESS/S1_LOW_A1e7_Ta1000/M2_216x72/C1,449.285398016,0,REACTION_STIFFNESS__S1_LOW_A1e7_Ta1000__M2_216x72__C1,RMT_FINALVOL2,1,216,72,15552,216,72,16,500,2,22254,0.10000000000000001,-0.10000000000000001,10000000,5,1000,3571428.571,1,2.0000000000000002e-05,1000,0.69999999999999996,1,448.64566722500024,48.94928085100031,10.91045438012706,0.17118749900000002,448.821973985,22254,9733,0.43735957580659657,3,0.18444821683253088,3,24715210.54604008,23503300.481935751,632.54873970022891,2.5593499942956266e-05,0.029967812810427506,622912,27.99101285162218,0.0019389226052801689,0.00017798291594169584,-2.6007746032757666e-10,293.1567095894203,1074.9452650147475,99999.923364588321,100000.06678131766,-0.029397626370833436,0.029397634694097518,-0.10306482174960559,0.10306483124174606,0.99965381106261442,0.20991253794123607,0.38121908642339097,0.99796729368036818,4,3,21286071,151367616,2187,0,0.063741156215116931,0.21028733098259014,9687527424
53,REACTION_STIFFNESS__S1_LOW_A1e7_Ta1000__M2_216x72__C2,REACTION_STIFFNESS,STIFFNESS,S1_LOW_A1e7_Ta1000,M2_216x72,216,72,0.1,low,10000000,5,1000,2,C2,complete,results/STIFFNESS/S1_LOW_A1e7_Ta1000/M2_216x72/C2,238.851209216,0,REACTION_STIFFNESS__S1_LOW_A1e7_Ta1000__M2_216x72__C2,RMT_FINALVOL2,2,216,72,15552,216,72,16,500,2,22254,0.10000000000000001,-0.10000000000000001,10000000,5,1000,3571428.571,1,2.0000000000000002e-05,1000,0.69999999999999996,1,238.27860896899861,27.90886978399983,11.712704679936641,0.17156387300000001,238.45366923899999,22254,9733,0.43735957580659657,3,0.18444821683253088,3,24715210.54604008,23503300.481935751,632.54873970022891,2.5593499942956266e-05,0.029967812810427506,622912,27.99101285162218,0.0019389226052801689,0.00017798291594169562,-2.6007746032757474e-10,293.1567095894203,1074.9452650147475,99999.923364588321,100000.06678131766,-0.029397626370833436,0.029397634694097518,-0.10306482174960559,0.10306483124174606,0.99965381106261442,0.20991253794123607,0.38121908642339097,0.99796729368036818,4,3,21286071,151367616,2187,0,0.063741156215116931,0.21028733098259014,9687527424
54,REACTION_STIFFNESS__S1_LOW_A1e7_Ta1000__M2_216x72__C4,REACTION_STIFFNESS,STIFFNESS,S1_LOW_A1e7_Ta1000,M2_216x72,216,72,0.1,low,10000000,5,1000,4,C4,complete,results/STIFFNESS/S1_LOW_A1e7_Ta1000/M2_216x72/C4,132.015474688,0,REACTION_STIFFNESS__S1_LOW_A1e7_Ta1000__M2_216x72__C4,RMT_FINALVOL2,4,216,72,15552,216,72,16,500,2,22254,0.10000000000000001,-0.10000000000000001,10000000,5,1000,3571428.571,1,2.0000000000000002e-05,1000,0.69999999999999996,1,131.50364408299961,17.3251396389999,13.174646041036699,0.17248820600000001,131.68024359899999,22254,9733,0.43735957580659657,3,0.18444821683253088,3,24715210.54604008,23503300.481935751,632.54873970022891,2.5593499942956266e-05,0.029967812810427506,622912,27.99101285162218,0.0019389226052801689,0.00017798291594169581,-2.600774603275766e-10,293.1567095894203,1074.9452650147475,99999.923364588321,100000.06678131766,-0.029397626370833436,0.029397634694097518,-0.10306482174960559,0.10306483124174606,0.99965381106261442,0.20991253794123607,0.38121908642339097,0.99796729368036818,4,3,21286071,151367616,2187,0,0.063741156215116931,0.21028733098259014,9687527424
55,REACTION_STIFFNESS__S1_LOW_A1e7_Ta1000__M2_216x72__C16,REACTION_STIFFNESS,STIFFNESS,S1_LOW_A1e7_Ta1000,M2_216x72,216,72,0.1,low,10000000,5,1000,16,C16,complete,results/STIFFNESS/S1_LOW_A1e7_Ta1000/M2_216x72/C16,57.521178880,0,REACTION_STIFFNESS__S1_LOW_A1e7_Ta1000__M2_216x72__C16,RMT_FINALVOL2,16,216,72,15552,216,72,16,500,2,22254,0.10000000000000001,-0.10000000000000001,10000000,5,1000,3571428.571,1,2.0000000000000002e-05,1000,0.69999999999999996,1,57.029769726000168,10.529473182000022,18.463117127403692,0.17794563999999996,57.212736020000001,22254,9733,0.43735957580659657,3,0.18444821683253088,3,24715210.54604008,23503300.481935751,632.54873970022891,2.5593499942956266e-05,0.029967812810427506,622912,27.99101285162218,0.0019389226052801689,0.00017798291594169576,-2.6007746032757697e-10,293.1567095894203,1074.9452650147475,99999.923364588321,100000.06678131766,-0.029397626370833436,0.029397634694097518,-0.10306482174960559,0.10306483124174606,0.99965381106261442,0.20991253794123607,0.38121908642339097,0.99796729368036818,4,3,21286071,151367616,2187,0,0.063741156215116931,0.21028733098259014,9687527424
56,REACTION_STIFFNESS__S1_LOW_A1e7_Ta1000__M3_432x144__C1,REACTION_STIFFNESS,STIFFNESS,S1_LOW_A1e7_Ta1000,M3_432x144,432,144,0.1,low,10000000,5,1000,1,C1,complete,results/STIFFNESS/S1_LOW_A1e7_Ta1000/M3_432x144/C1,3895.586729984,0,REACTION_STIFFNESS__S1_LOW_A1e7_Ta1000__M3_432x144__C1,RMT_FINALVOL2,1,432,144,62208,432,144,16,500,2,48573,0.10000000000000001,-0.10000000000000001,10000000,5,1000,3571428.571,1,2.0000000000000002e-05,1000,0.69999999999999996,1,3894.6692042800018,463.20773822500314,11.893378203108144,0.5992892150000001,3895.2960656690002,48573,19187,0.39501369073353509,4,0.19529617021061207,3,9622153.8880876489,3326913.9437046144,120.09329493434052,1.2480916053838795e-05,0.033049056413119185,1534960,31.601095258682808,0.0027240175709994929,0.00014008898015433437,-4.2122314400777314e-10,293.0774733264214,1085.0957043526432,99999.987621094624,100000.00977955847,-0.027467717325824773,0.027467721838517242,-0.10292669056291856,0.10292627144542157,0.99984988284398657,0.20996088098398663,0.38638865131179856,0.99892773485141617,5,4,377657721,1193584896,19683,0,0.058614395870688868,0.26729329256159945,95486791680
57,REACTION_STIFFNESS__S1_LOW_A1e7_Ta1000__M3_432x144__C2,REACTION_STIFFNESS,STIFFNESS,S1_LOW_A1e7_Ta1000,M3_432x144,432,144,0.1,low,10000000,5,1000,2,C2,complete,results/STIFFNESS/S1_LOW_A1e7_Ta1000/M3_432x144/C2,2022.841051648,0,REACTION_STIFFNESS__S1_LOW_A1e7_Ta1000__M3_432x144__C2,RMT_FINALVOL2,2,432,144,62208,432,144,16,500,2,48573,0.10000000000000001,-0.10000000000000001,10000000,5,1000,3571428.571,1,2.0000000000000002e-05,1000,0.69999999999999996,1,2022.1370441029883,257.19738125399925,12.719087561550062,0.58851701000000001,2022.7432341690001,48573,19187,0.39501369073353509,4,0.19529617021061207,3,9622153.8880876489,3326913.9437046144,120.09329493434052,1.2480916053838795e-05,0.033049056413119185,1534960,31.601095258682808,0.0027240175709994929,0.00014008898015433383,-4.2122314400777666e-10,293.0774733264214,1085.0957043526432,99999.987621094624,100000.00977955847,-0.027467717325824773,0.027467721838517242,-0.10292669056291856,0.10292627144542157,0.99984988284398657,0.20996088098398663,0.38638865131179856,0.99892773485141617,5,4,377657721,1193584896,19683,0,0.058614395870688868,0.26729329256159945,95486791680
58,REACTION_STIFFNESS__S1_LOW_A1e7_Ta1000__M3_432x144__C4,REACTION_STIFFNESS,STIFFNESS,S1_LOW_A1e7_Ta1000,M3_432x144,432,144,0.1,low,10000000,5,1000,4,C4,complete,results/STIFFNESS/S1_LOW_A1e7_Ta1000/M3_432x144/C4,1064.460595200,0,REACTION_STIFFNESS__S1_LOW_A1e7_Ta1000__M3_432x144__C4,RMT_FINALVOL2,4,432,144,62208,432,144,16,500,2,48573,0.10000000000000001,-0.10000000000000001,10000000,5,1000,3571428.571,1,2.0000000000000002e-05,1000,0.69999999999999996,1,1063.7420236720029,146.8797524620023,13.807835846794712,0.59086211600000005,1064.3437585270001,48573,19187,0.39501369073353509,4,0.19529617021061207,3,9622153.8880876489,3326913.9437046144,120.09329493434052,1.2480916053838795e-05,0.033049056413119185,1534960,31.601095258682808,0.0027240175709994929,0.0001400889801543341,-4.2122314400777449e-10,293.0774733264214,1085.0957043526432,99999.987621094624,100000.00977955847,-0.027467717325824773,0.027467721838517242,-0.10292669056291856,0.10292627144542157,0.99984988284398657,0.20996088098398663,0.38638865131179856,0.99892773485141617,5,4,377657721,1193584896,19683,0,0.058614395870688868,0.26729329256159945,95486791680
59,REACTION_STIFFNESS__S1_LOW_A1e7_Ta1000__M3_432x144__C16,REACTION_STIFFNESS,STIFFNESS,S1_LOW_A1e7_Ta1000,M3_432x144,432,144,0.1,low,10000000,5,1000,16,C16,complete,results/STIFFNESS/S1_LOW_A1e7_Ta1000/M3_432x144/C16,354.590910208,0,REACTION_STIFFNESS__S1_LOW_A1e7_Ta1000__M3_432x144__C16,RMT_FINALVOL2,16,432,144,62208,432,144,16,500,2,48573,0.10000000000000001,-0.10000000000000001,10000000,5,1000,3571428.571,1,2.0000000000000002e-05,1000,0.69999999999999996,1,353.52227174800282,67.041932269000455,18.963991133432515,0.59210173399999999,354.12645275199998,48573,19187,0.39501369073353509,4,0.19529617021061207,3,9622153.8880876489,3326913.9437046144,120.09329493434052,1.2480916053838795e-05,0.033049056413119185,1534960,31.601095258682808,0.0027240175709994929,0.00014008898015433404,-4.212231440077747e-10,293.0774733264214,1085.0957043526432,99999.987621094624,100000.00977955847,-0.027467717325824773,0.027467721838517242,-0.10292669056291856,0.10292627144542157,0.99984988284398657,0.20996088098398663,0.38638865131179856,0.99892773485141617,5,4,377657721,1193584896,19683,0,0.058614395870688868,0.26729329256159945,95486791680
60,REACTION_STIFFNESS__S1_LOW_A1e7_Ta1000__M4_864x288__C1,REACTION_STIFFNESS,STIFFNESS,S1_LOW_A1e7_Ta1000,M4_864x288,864,288,0.1,low,10000000,5,1000,1,C1,complete,results/STIFFNESS/S1_LOW_A1e7_Ta1000/M4_864x288/C1,61428.169365760,0,REACTION_STIFFNESS__S1_LOW_A1e7_Ta1000__M4_864x288__C1,RMT_FINALVOL2,1,864,288,248832,864,288,16,500,2,194042,0.10000000000000001,-0.10000000000000001,10000000,5,1000,3571428.571,1,2.0000000000000002e-05,1000,0.69999999999999996,1,61424.909396686831,8869.7498304339806,14.439988463234757,2.3629629989999996,61427.605601315001,194042,87365,0.45023757743169007,6,0.18910097327776454,2,56325835.28499867,7297160.750435546,3074.1796679040999,5.4578501185988624e-05,0.020525212692501134,6989200,36.019006194535201,0.025828594699483065,0.0006767245963689801,3.7510568501943104e-09,293.04121329665895,1082.8019407895447,99999.980299224961,100000.01562214919,-0.027337472059444076,0.027337470065555137,-0.1016925816452417,0.10169295720561315,0.99991765013806311,0.20997927874939146,0.38529019117651553,0.99945493965516952,5,4,1719605295,21739207680,19683,0,0.043386287190111568,0.87490910164422342,1739136614400
61,REACTION_STIFFNESS__S1_LOW_A1e7_Ta1000__M4_864x288__C2,REACTION_STIFFNESS,STIFFNESS,S1_LOW_A1e7_Ta1000,M4_864x288,864,288,0.1,low,10000000,5,1000,2,C2,complete,results/STIFFNESS/S1_LOW_A1e7_Ta1000/M4_864x288/C2,31223.125361664,0,REACTION_STIFFNESS__S1_LOW_A1e7_Ta1000__M4_864x288__C2,RMT_FINALVOL2,2,864,288,248832,864,288,16,500,2,194042,0.10000000000000001,-0.10000000000000001,10000000,5,1000,3571428.571,1,2.0000000000000002e-05,1000,0.69999999999999996,1,31220.115063890655,4630.5951528250034,14.832088681763937,2.3538503659999996,31222.647357333,194042,87365,0.45023757743169007,6,0.18910097327776454,2,56325835.28499867,7297160.750435546,3074.1796679040999,5.4578501185988624e-05,0.020525212692501134,6989200,36.019006194535201,0.025828594699483065,0.00067672459636898454,3.7510568501942856e-09,293.04121329665895,1082.8019407895447,99999.980299224961,100000.01562214919,-0.027337472059444076,0.027337470065555137,-0.1016925816452417,0.10169295720561315,0.99991765013806311,0.20997927874939146,0.38529019117651553,0.99945493965516952,5,4,1719605295,21739207680,19683,0,0.043386287190111568,0.87490910164422342,1739136614400
62,REACTION_STIFFNESS__S1_LOW_A1e7_Ta1000__M4_864x288__C4,REACTION_STIFFNESS,STIFFNESS,S1_LOW_A1e7_Ta1000,M4_864x288,864,288,0.1,low,10000000,5,1000,4,C4,complete,results/STIFFNESS/S1_LOW_A1e7_Ta1000/M4_864x288/C4,16152.149716736,0,REACTION_STIFFNESS__S1_LOW_A1e7_Ta1000__M4_864x288__C4,RMT_FINALVOL2,4,864,288,248832,864,288,16,500,2,194042,0.10000000000000001,-0.10000000000000001,10000000,5,1000,3571428.571,1,2.0000000000000002e-05,1000,0.69999999999999996,1,16149.082493608888,2549.3915305769278,15.78660293292741,2.3437335519999998,16151.545781594999,194042,87365,0.45023757743169007,6,0.18910097327776454,2,56325835.28499867,7297160.750435546,3074.1796679040999,5.4578501185988624e-05,0.020525212692501134,6989200,36.019006194535201,0.025828594699483065,0.00067672459636898433,3.7510568501942906e-09,293.04121329665895,1082.8019407895447,99999.980299224961,100000.01562214919,-0.027337472059444076,0.027337470065555137,-0.1016925816452417,0.10169295720561315,0.99991765013806311,0.20997927874939146,0.38529019117651553,0.99945493965516952,5,4,1719605295,21739207680,19683,0,0.043386287190111568,0.87490910164422342,1739136614400
63,REACTION_STIFFNESS__S1_LOW_A1e7_Ta1000__M4_864x288__C16,REACTION_STIFFNESS,STIFFNESS,S1_LOW_A1e7_Ta1000,M4_864x288,864,288,0.1,low,10000000,5,1000,16,C16,complete,results/STIFFNESS/S1_LOW_A1e7_Ta1000/M4_864x288/C16,4857.934096640,0,REACTION_STIFFNESS__S1_LOW_A1e7_Ta1000__M4_864x288__C16,RMT_FINALVOL2,16,864,288,248832,864,288,16,500,2,194042,0.10000000000000001,-0.10000000000000001,10000000,5,1000,3571428.571,1,2.0000000000000002e-05,1000,0.69999999999999996,1,4855.4044937170338,1029.7434338700466,21.208190485520827,2.3628010769999999,4857.8353001850001,194042,87365,0.45023757743169007,6,0.18910097327776454,2,56325835.28499867,7297160.750435546,3074.1796679040999,5.4578501185988624e-05,0.020525212692501134,6989200,36.019006194535201,0.025828594699483065,0.00067672459636898173,3.7510568501943005e-09,293.04121329665895,1082.8019407895447,99999.980299224961,100000.01562214919,-0.027337472059444076,0.027337470065555137,-0.1016925816452417,0.10169295720561315,0.99991765013806311,0.20997927874939146,0.38529019117651553,0.99945493965516952,5,4,1719605295,21739207680,19683,0,0.043386287190111568,0.87490910164422342,1739136614400
64,REACTION_STIFFNESS__S2_INTERMEDIATE_A1e8_Ta500__M1_108x36__C1,REACTION_STIFFNESS,STIFFNESS,S2_INTERMEDIATE_A1e8_Ta500,M1_108x36,108,36,0.1,intermediate,100000000,5,500,1,C1,complete,results/STIFFNESS/S2_INTERMEDIATE_A1e8_Ta500/M1_108x36/C1,86.125898240,0,REACTION_STIFFNESS__S2_INTERMEDIATE_A1e8_Ta500__M1_108x36__C1,RMT_FINALVOL2,1,108,36,3888,108,36,16,500,2,20033,0.10000000000000001,-0.10000000000000001,100000000,5,500,3571428.571,1,2.0000000000000002e-05,1000,0.69999999999999996,1,85.976343330000176,6.4199240359999656,7.4670819755134064,0.068852258,86.047016458000002,20033,6136,0.30629461388708629,3,0.14995549938066949,2,377878.75614581577,28944.682050365431,6.0403005279035824,1.5984758152354964e-05,0.014445909234997624,294528,14.702141466580143,0.00054460950368806493,7.4722260391846506e-05,4.9975961230619305e-10,293.37417389970841,1073.7662429060451,99999.995231480279,100000.00499193775,-0.031704778861035059,0.031704778839401482,-0.091588970424317531,0.091588970421252691,0.99909703774780434,0.20977333808150778,0.38157519735999512,0.99590625127417853,3,2,1491048,23856768,243,0,0.01476394842925967,0.18008718580199048,1145124864
65,REACTION_STIFFNESS__S2_INTERMEDIATE_A1e8_Ta500__M1_108x36__C2,REACTION_STIFFNESS,STIFFNESS,S2_INTERMEDIATE_A1e8_Ta500,M1_108x36,108,36,0.1,intermediate,100000000,5,500,2,C2,complete,results/STIFFNESS/S2_INTERMEDIATE_A1e8_Ta500/M1_108x36/C2,50.029969920,0,REACTION_STIFFNESS__S2_INTERMEDIATE_A1e8_Ta500__M1_108x36__C2,RMT_FINALVOL2,2,108,36,3888,108,36,16,500,2,20033,0.10000000000000001,-0.10000000000000001,100000000,5,500,3571428.571,1,2.0000000000000002e-05,1000,0.69999999999999996,1,49.720818299999841,6.0882811469999849,12.244933521136366,0.069253702,49.791966471999999,20033,6136,0.30629461388708629,3,0.14995549938066949,2,377878.75614581577,28944.682050365431,6.0403005279035824,1.5984758152354964e-05,0.014445909234997624,294528,14.702141466580143,0.00054460950368806493,7.4722260391846561e-05,4.9975961230619388e-10,293.37417389970841,1073.7662429060451,99999.995231480279,100000.00499193775,-0.031704778861035059,0.031704778839401482,-0.091588970424317531,0.091588970421252691,0.99909703774780434,0.20977333808150778,0.38157519735999512,0.99590625127417853,3,2,1491048,23856768,243,0,0.01476394842925967,0.18008718580199048,1145124864
66,REACTION_STIFFNESS__S2_INTERMEDIATE_A1e8_Ta500__M1_108x36__C4,REACTION_STIFFNESS,STIFFNESS,S2_INTERMEDIATE_A1e8_Ta500,M1_108x36,108,36,0.1,intermediate,100000000,5,500,4,C4,complete,results/STIFFNESS/S2_INTERMEDIATE_A1e8_Ta500/M1_108x36/C4,31.891081472,0,REACTION_STIFFNESS__S2_INTERMEDIATE_A1e8_Ta500__M1_108x36__C4,RMT_FINALVOL2,4,108,36,3888,108,36,16,500,2,20033,0.10000000000000001,-0.10000000000000001,100000000,5,500,3571428.571,1,2.0000000000000002e-05,1000,0.69999999999999996,1,31.742659465000003,5.8883584530000297,18.550299666896638,0.072531484000000007,31.817551960999999,20033,6136,0.30629461388708629,3,0.14995549938066949,2,377878.75614581577,28944.682050365431,6.0403005279035824,1.5984758152354964e-05,0.014445909234997624,294528,14.702141466580143,0.00054460950368806493,7.4722260391846574e-05,4.9975961230619388e-10,293.37417389970841,1073.7662429060451,99999.995231480279,100000.00499193775,-0.031704778861035059,0.031704778839401482,-0.091588970424317531,0.091588970421252691,0.99909703774780434,0.20977333808150778,0.38157519735999512,0.99590625127417853,3,2,1491048,23856768,243,0,0.01476394842925967,0.18008718580199048,1145124864
67,REACTION_STIFFNESS__S2_INTERMEDIATE_A1e8_Ta500__M1_108x36__C16,REACTION_STIFFNESS,STIFFNESS,S2_INTERMEDIATE_A1e8_Ta500,M1_108x36,108,36,0.1,intermediate,100000000,5,500,16,C16,complete,results/STIFFNESS/S2_INTERMEDIATE_A1e8_Ta500/M1_108x36/C16,24.033490176,0,REACTION_STIFFNESS__S2_INTERMEDIATE_A1e8_Ta500__M1_108x36__C16,RMT_FINALVOL2,16,108,36,3888,108,36,16,500,2,20033,0.10000000000000001,-0.10000000000000001,100000000,5,500,3571428.571,1,2.0000000000000002e-05,1000,0.69999999999999996,1,23.882056859999889,5.9006953280000047,24.707651282260755,0.068750638000000003,23.955451211,20033,6136,0.30629461388708629,3,0.14995549938066949,2,377878.75614581577,28944.682050365431,6.0403005279035824,1.5984758152354964e-05,0.014445909234997624,294528,14.702141466580143,0.00054460950368806493,7.4722260391846574e-05,4.9975961230619336e-10,293.37417389970841,1073.7662429060451,99999.995231480279,100000.00499193775,-0.031704778861035059,0.031704778839401482,-0.091588970424317531,0.091588970421252691,0.99909703774780434,0.20977333808150778,0.38157519735999512,0.99590625127417853,3,2,1491048,23856768,243,0,0.01476394842925967,0.18008718580199048,1145124864
68,REACTION_STIFFNESS__S2_INTERMEDIATE_A1e8_Ta500__M2_216x72__C1,REACTION_STIFFNESS,STIFFNESS,S2_INTERMEDIATE_A1e8_Ta500,M2_216x72,216,72,0.1,intermediate,100000000,5,500,1,C1,complete,results/STIFFNESS/S2_INTERMEDIATE_A1e8_Ta500/M2_216x72/C1,436.828177664,0,REACTION_STIFFNESS__S2_INTERMEDIATE_A1e8_Ta500__M2_216x72__C1,RMT_FINALVOL2,1,216,72,15552,216,72,16,500,2,22254,0.10000000000000001,-0.10000000000000001,100000000,5,500,3571428.571,1,2.0000000000000002e-05,1000,0.69999999999999996,1,436.58143317700149,48.950232417000038,11.212165405383681,0.16823787200000001,436.754098661,22254,9733,0.43735957580659657,3,0.18444821683253088,3,24715210.54604008,23503300.481935751,632.54873970022891,2.5593499942956266e-05,0.029967812810427506,622912,27.99101285162218,0.0019389226052801689,0.00017798291594169584,-2.6007746032757666e-10,293.15670958949363,1074.9452650394676,99999.923364588321,100000.06678131766,-0.029397626370833436,0.029397634694097518,-0.10306482174960559,0.10306483124174606,0.99965381106261442,0.20991253794123546,0.38121908642325275,0.99796729368035475,4,3,21286071,151367616,2187,0,0.063741156215116931,0.21028733098259014,9687527424
69,REACTION_STIFFNESS__S2_INTERMEDIATE_A1e8_Ta500__M2_216x72__C2,REACTION_STIFFNESS,STIFFNESS,S2_INTERMEDIATE_A1e8_Ta500,M2_216x72,216,72,0.1,intermediate,100000000,5,500,2,C2,complete,results/STIFFNESS/S2_INTERMEDIATE_A1e8_Ta500/M2_216x72/C2,232.528129024,0,REACTION_STIFFNESS__S2_INTERMEDIATE_A1e8_Ta500__M2_216x72__C2,RMT_FINALVOL2,2,216,72,15552,216,72,16,500,2,22254,0.10000000000000001,-0.10000000000000001,100000000,5,500,3571428.571,1,2.0000000000000002e-05,1000,0.69999999999999996,1,232.10850021199954,27.534636430999992,11.862829842875572,0.16994532800000001,232.281874168,22254,9733,0.43735957580659657,3,0.18444821683253088,3,24715210.54604008,23503300.481935751,632.54873970022891,2.5593499942956266e-05,0.029967812810427506,622912,27.99101285162218,0.0019389226052801689,0.00017798291594169562,-2.6007746032757474e-10,293.15670958949363,1074.9452650394676,99999.923364588321,100000.06678131766,-0.029397626370833436,0.029397634694097518,-0.10306482174960559,0.10306483124174606,0.99965381106261442,0.20991253794123546,0.38121908642325275,0.99796729368035475,4,3,21286071,151367616,2187,0,0.063741156215116931,0.21028733098259014,9687527424
70,REACTION_STIFFNESS__S2_INTERMEDIATE_A1e8_Ta500__M2_216x72__C4,REACTION_STIFFNESS,STIFFNESS,S2_INTERMEDIATE_A1e8_Ta500,M2_216x72,216,72,0.1,intermediate,100000000,5,500,4,C4,complete,results/STIFFNESS/S2_INTERMEDIATE_A1e8_Ta500/M2_216x72/C4,128.999707648,0,REACTION_STIFFNESS__S2_INTERMEDIATE_A1e8_Ta500__M2_216x72__C4,RMT_FINALVOL2,4,216,72,15552,216,72,16,500,2,22254,0.10000000000000001,-0.10000000000000001,100000000,5,500,3571428.571,1,2.0000000000000002e-05,1000,0.69999999999999996,1,128.5633798209999,17.272634746000037,13.435112525859932,0.169788408,128.735967136,22254,9733,0.43735957580659657,3,0.18444821683253088,3,24715210.54604008,23503300.481935751,632.54873970022891,2.5593499942956266e-05,0.029967812810427506,622912,27.99101285162218,0.0019389226052801689,0.00017798291594169581,-2.600774603275766e-10,293.15670958949363,1074.9452650394676,99999.923364588321,100000.06678131766,-0.029397626370833436,0.029397634694097518,-0.10306482174960559,0.10306483124174606,0.99965381106261442,0.20991253794123546,0.38121908642325275,0.99796729368035475,4,3,21286071,151367616,2187,0,0.063741156215116931,0.21028733098259014,9687527424
71,REACTION_STIFFNESS__S2_INTERMEDIATE_A1e8_Ta500__M2_216x72__C16,REACTION_STIFFNESS,STIFFNESS,S2_INTERMEDIATE_A1e8_Ta500,M2_216x72,216,72,0.1,intermediate,100000000,5,500,16,C16,complete,results/STIFFNESS/S2_INTERMEDIATE_A1e8_Ta500/M2_216x72/C16,57.099651840,0,REACTION_STIFFNESS__S2_INTERMEDIATE_A1e8_Ta500__M2_216x72__C16,RMT_FINALVOL2,16,216,72,15552,216,72,16,500,2,22254,0.10000000000000001,-0.10000000000000001,100000000,5,500,3571428.571,1,2.0000000000000002e-05,1000,0.69999999999999996,1,56.540933235999987,10.774154119000036,19.055493962275211,0.16958730499999997,56.715341332000001,22254,9733,0.43735957580659657,3,0.18444821683253088,3,24715210.54604008,23503300.481935751,632.54873970022891,2.5593499942956266e-05,0.029967812810427506,622912,27.99101285162218,0.0019389226052801689,0.00017798291594169576,-2.6007746032757691e-10,293.15670958949363,1074.9452650394676,99999.923364588321,100000.06678131766,-0.029397626370833436,0.029397634694097518,-0.10306482174960559,0.10306483124174606,0.99965381106261442,0.20991253794123546,0.38121908642325275,0.99796729368035475,4,3,21286071,151367616,2187,0,0.063741156215116931,0.21028733098259014,9687527424
72,REACTION_STIFFNESS__S2_INTERMEDIATE_A1e8_Ta500__M3_432x144__C1,REACTION_STIFFNESS,STIFFNESS,S2_INTERMEDIATE_A1e8_Ta500,M3_432x144,432,144,0.1,intermediate,100000000,5,500,1,C1,complete,results/STIFFNESS/S2_INTERMEDIATE_A1e8_Ta500/M3_432x144/C1,3760.443758848,0,REACTION_STIFFNESS__S2_INTERMEDIATE_A1e8_Ta500__M3_432x144__C1,RMT_FINALVOL2,1,432,144,62208,432,144,16,500,2,48573,0.10000000000000001,-0.10000000000000001,100000000,5,500,3571428.571,1,2.0000000000000002e-05,1000,0.69999999999999996,1,3759.5614803760127,462.62167039800352,12.305202955524864,0.60562259299999999,3760.1949345630001,48573,19187,0.39501369073353509,4,0.19529617021061207,3,9622153.8880876489,3326913.9437046144,120.09329493434052,1.2480916053838795e-05,0.033049056413119185,1534960,31.601095258682808,0.0027240175709994929,0.00014008898015433437,-4.2122314400777314e-10,293.07747332646579,1085.0957043720657,99999.987621094624,100000.00977955847,-0.027467717325824773,0.027467721838517242,-0.10292669056291856,0.10292627144542157,0.99984988284398657,0.20996088098398619,0.38638865131119882,0.99892773485140973,5,4,377657721,1193584896,19683,0,0.058614395870688868,0.26729329256159945,95486791680
73,REACTION_STIFFNESS__S2_INTERMEDIATE_A1e8_Ta500__M3_432x144__C2,REACTION_STIFFNESS,STIFFNESS,S2_INTERMEDIATE_A1e8_Ta500,M3_432x144,432,144,0.1,intermediate,100000000,5,500,2,C2,complete,results/STIFFNESS/S2_INTERMEDIATE_A1e8_Ta500/M3_432x144/C2,1957.890045440,0,REACTION_STIFFNESS__S2_INTERMEDIATE_A1e8_Ta500__M3_432x144__C2,RMT_FINALVOL2,2,432,144,62208,432,144,16,500,2,48573,0.10000000000000001,-0.10000000000000001,100000000,5,500,3571428.571,1,2.0000000000000002e-05,1000,0.69999999999999996,1,1957.0128556670015,257.54591401999892,13.160154429962622,0.77782610399999996,1957.8061189150001,48573,19187,0.39501369073353509,4,0.19529617021061207,3,9622153.8880876489,3326913.9437046144,120.09329493434052,1.2480916053838795e-05,0.033049056413119185,1534960,31.601095258682808,0.0027240175709994929,0.00014008898015433383,-4.2122314400777666e-10,293.07747332646579,1085.0957043720657,99999.987621094624,100000.00977955847,-0.027467717325824773,0.027467721838517242,-0.10292669056291856,0.10292627144542157,0.99984988284398657,0.20996088098398619,0.38638865131119882,0.99892773485140973,5,4,377657721,1193584896,19683,0,0.058614395870688868,0.26729329256159945,95486791680
74,REACTION_STIFFNESS__S2_INTERMEDIATE_A1e8_Ta500__M3_432x144__C4,REACTION_STIFFNESS,STIFFNESS,S2_INTERMEDIATE_A1e8_Ta500,M3_432x144,432,144,0.1,intermediate,100000000,5,500,4,C4,complete,results/STIFFNESS/S2_INTERMEDIATE_A1e8_Ta500/M3_432x144/C4,1034.497153536,0,REACTION_STIFFNESS__S2_INTERMEDIATE_A1e8_Ta500__M3_432x144__C4,RMT_FINALVOL2,4,432,144,62208,432,144,16,500,2,48573,0.10000000000000001,-0.10000000000000001,100000000,5,500,3571428.571,1,2.0000000000000002e-05,1000,0.69999999999999996,1,1033.8200878450007,147.71825775299885,14.288584589308741,0.59137142600000003,1034.4210929369999,48573,19187,0.39501369073353509,4,0.19529617021061207,3,9622153.8880876489,3326913.9437046144,120.09329493434052,1.2480916053838795e-05,0.033049056413119185,1534960,31.601095258682808,0.0027240175709994929,0.0001400889801543341,-4.2122314400777449e-10,293.07747332646579,1085.0957043720657,99999.987621094624,100000.00977955847,-0.027467717325824773,0.027467721838517242,-0.10292669056291856,0.10292627144542157,0.99984988284398657,0.20996088098398619,0.38638865131119882,0.99892773485140973,5,4,377657721,1193584896,19683,0,0.058614395870688868,0.26729329256159945,95486791680
75,REACTION_STIFFNESS__S2_INTERMEDIATE_A1e8_Ta500__M3_432x144__C16,REACTION_STIFFNESS,STIFFNESS,S2_INTERMEDIATE_A1e8_Ta500,M3_432x144,432,144,0.1,intermediate,100000000,5,500,16,C16,complete,results/STIFFNESS/S2_INTERMEDIATE_A1e8_Ta500/M3_432x144/C16,343.920080640,0,REACTION_STIFFNESS__S2_INTERMEDIATE_A1e8_Ta500__M3_432x144__C16,RMT_FINALVOL2,16,432,144,62208,432,144,16,500,2,48573,0.10000000000000001,-0.10000000000000001,100000000,5,500,3571428.571,1,2.0000000000000002e-05,1000,0.69999999999999996,1,343.23331195900289,66.833864846999631,19.471846851211961,0.58932638200000009,343.835576129,48573,19187,0.39501369073353509,4,0.19529617021061207,3,9622153.8880876489,3326913.9437046144,120.09329493434052,1.2480916053838795e-05,0.033049056413119185,1534960,31.601095258682808,0.0027240175709994929,0.00014008898015433404,-4.212231440077747e-10,293.07747332646579,1085.0957043720657,99999.987621094624,100000.00977955847,-0.027467717325824773,0.027467721838517242,-0.10292669056291856,0.10292627144542157,0.99984988284398657,0.20996088098398619,0.38638865131119882,0.99892773485140973,5,4,377657721,1193584896,19683,0,0.058614395870688868,0.26729329256159945,95486791680
76,REACTION_STIFFNESS__S2_INTERMEDIATE_A1e8_Ta500__M4_864x288__C1,REACTION_STIFFNESS,STIFFNESS,S2_INTERMEDIATE_A1e8_Ta500,M4_864x288,864,288,0.1,intermediate,100000000,5,500,1,C1,complete,results/STIFFNESS/S2_INTERMEDIATE_A1e8_Ta500/M4_864x288/C1,59843.794887424,0,REACTION_STIFFNESS__S2_INTERMEDIATE_A1e8_Ta500__M4_864x288__C1,RMT_FINALVOL2,1,864,288,248832,864,288,16,500,2,194042,0.10000000000000001,-0.10000000000000001,100000000,5,500,3571428.571,1,2.0000000000000002e-05,1000,0.69999999999999996,1,59841.000431936547,8865.2573192668424,14.814687681149701,2.3579535260000002,59843.693522631002,194042,87365,0.45023757743169007,6,0.18910097327776454,2,56325835.28499867,7297160.750435546,3074.1796679040999,5.4578501185988624e-05,0.020525212692501134,6989200,36.019006194535201,0.025828594699483065,0.0006767245963689801,3.7510568501943104e-09,293.04121329673217,1082.8019408319178,99999.980299224961,100000.01562214919,-0.027337472059444076,0.027337470065555137,-0.1016925816452417,0.10169295720561315,0.99991765013805922,0.20997927874939923,0.38529019121346408,0.99945493965502763,5,4,1719605295,21739207680,19683,0,0.043386287190111568,0.87490910164422342,1739136614400
77,REACTION_STIFFNESS__S2_INTERMEDIATE_A1e8_Ta500__M4_864x288__C2,REACTION_STIFFNESS,STIFFNESS,S2_INTERMEDIATE_A1e8_Ta500,M4_864x288,864,288,0.1,intermediate,100000000,5,500,2,C2,complete,results/STIFFNESS/S2_INTERMEDIATE_A1e8_Ta500/M4_864x288/C2,30444.053073408,0,REACTION_STIFFNESS__S2_INTERMEDIATE_A1e8_Ta500__M4_864x288__C2,RMT_FINALVOL2,2,864,288,248832,864,288,16,500,2,194042,0.10000000000000001,-0.10000000000000001,100000000,5,500,3571428.571,1,2.0000000000000002e-05,1000,0.69999999999999996,1,30441.344856267879,4630.2409935029764,15.210369368913112,2.3620272589999995,30443.884773942002,194042,87365,0.45023757743169007,6,0.18910097327776454,2,56325835.28499867,7297160.750435546,3074.1796679040999,5.4578501185988624e-05,0.020525212692501134,6989200,36.019006194535201,0.025828594699483065,0.00067672459636898454,3.7510568501942856e-09,293.04121329673217,1082.8019408319178,99999.980299224961,100000.01562214919,-0.027337472059444076,0.027337470065555137,-0.1016925816452417,0.10169295720561315,0.99991765013805922,0.20997927874939923,0.38529019121346408,0.99945493965502763,5,4,1719605295,21739207680,19683,0,0.043386287190111568,0.87490910164422342,1739136614400
78,REACTION_STIFFNESS__S2_INTERMEDIATE_A1e8_Ta500__M4_864x288__C4,REACTION_STIFFNESS,STIFFNESS,S2_INTERMEDIATE_A1e8_Ta500,M4_864x288,864,288,0.1,intermediate,100000000,5,500,4,C4,complete,results/STIFFNESS/S2_INTERMEDIATE_A1e8_Ta500/M4_864x288/C4,15751.947132672,0,REACTION_STIFFNESS__S2_INTERMEDIATE_A1e8_Ta500__M4_864x288__C4,RMT_FINALVOL2,4,864,288,248832,864,288,16,500,2,194042,0.10000000000000001,-0.10000000000000001,100000000,5,500,3571428.571,1,2.0000000000000002e-05,1000,0.69999999999999996,1,15749.253688953208,2552.0500632728872,16.204260301317884,2.3643551950000004,15751.726900514999,194042,87365,0.45023757743169007,6,0.18910097327776454,2,56325835.28499867,7297160.750435546,3074.1796679040999,5.4578501185988624e-05,0.020525212692501134,6989200,36.019006194535201,0.025828594699483065,0.00067672459636898433,3.7510568501942906e-09,293.04121329673217,1082.8019408319178,99999.980299224961,100000.01562214919,-0.027337472059444076,0.027337470065555137,-0.1016925816452417,0.10169295720561315,0.99991765013805922,0.20997927874939923,0.38529019121346408,0.99945493965502763,5,4,1719605295,21739207680,19683,0,0.043386287190111568,0.87490910164422342,1739136614400
79,REACTION_STIFFNESS__S2_INTERMEDIATE_A1e8_Ta500__M4_864x288__C16,REACTION_STIFFNESS,STIFFNESS,S2_INTERMEDIATE_A1e8_Ta500,M4_864x288,864,288,0.1,intermediate,100000000,5,500,16,C16,complete,results/STIFFNESS/S2_INTERMEDIATE_A1e8_Ta500/M4_864x288/C16,4777.151641344,0,REACTION_STIFFNESS__S2_INTERMEDIATE_A1e8_Ta500__M4_864x288__C16,RMT_FINALVOL2,16,864,288,248832,864,288,16,500,2,194042,0.10000000000000001,-0.10000000000000001,100000000,5,500,3571428.571,1,2.0000000000000002e-05,1000,0.69999999999999996,1,4774.1917809381566,1052.7361266380237,22.050562167218906,2.3519227620000001,4776.6152924079997,194042,87365,0.45023757743169007,6,0.18910097327776454,2,56325835.28499867,7297160.750435546,3074.1796679040999,5.4578501185988624e-05,0.020525212692501134,6989200,36.019006194535201,0.025828594699483065,0.00067672459636898173,3.7510568501942997e-09,293.04121329673217,1082.8019408319178,99999.980299224961,100000.01562214919,-0.027337472059444076,0.027337470065555137,-0.1016925816452417,0.10169295720561315,0.99991765013805922,0.20997927874939923,0.38529019121346408,0.99945493965502763,5,4,1719605295,21739207680,19683,0,0.043386287190111568,0.87490910164422342,1739136614400
80,REACTION_STIFFNESS__S3_HIGH_A1e9_Ta100__M1_108x36__C1,REACTION_STIFFNESS,STIFFNESS,S3_HIGH_A1e9_Ta100,M1_108x36,108,36,0.1,high,1000000000,5,100,1,C1,complete,results/STIFFNESS/S3_HIGH_A1e9_Ta100/M1_108x36/C1,82.634514432,0,REACTION_STIFFNESS__S3_HIGH_A1e9_Ta100__M1_108x36__C1,RMT_FINALVOL2,1,108,36,3888,108,36,16,500,2,20033,0.10000000000000001,-0.10000000000000001,1000000000,5,100,3571428.571,1,2.0000000000000002e-05,1000,0.69999999999999996,1,82.470249772999665,6.4169283419999719,7.7809008214024358,0.069132289999999999,82.542051205000007,20033,6136,0.30629461388708629,3,0.14995549938066949,2,377878.75614581577,28944.682050365431,6.0403005279035824,1.5984758152354964e-05,0.014445909234997624,294528,14.702141466580143,0.00054460950368806493,7.4722260391846506e-05,4.9975961230619305e-10,293.37417389972086,1073.7662429079955,99999.995231480279,100000.00499193775,-0.031704778861035059,0.031704778839401482,-0.091588970424317531,0.091588970421252691,0.99909703774780456,0.20977333808150803,0.38157519736002971,0.99590625127417398,3,2,1491048,23856768,243,0,0.01476394842925967,0.18008718580199048,1145124864
81,REACTION_STIFFNESS__S3_HIGH_A1e9_Ta100__M1_108x36__C2,REACTION_STIFFNESS,STIFFNESS,S3_HIGH_A1e9_Ta100,M1_108x36,108,36,0.1,high,1000000000,5,100,2,C2,complete,results/STIFFNESS/S3_HIGH_A1e9_Ta100/M1_108x36/C2,48.296358400,0,REACTION_STIFFNESS__S3_HIGH_A1e9_Ta100__M1_108x36__C2,RMT_FINALVOL2,2,108,36,3888,108,36,16,500,2,20033,0.10000000000000001,-0.10000000000000001,1000000000,5,100,3571428.571,1,2.0000000000000002e-05,1000,0.69999999999999996,1,48.120398116999986,6.0825174199999905,12.64020593763782,0.069175031999999997,48.192530441999999,20033,6136,0.30629461388708629,3,0.14995549938066949,2,377878.75614581577,28944.682050365431,6.0403005279035824,1.5984758152354964e-05,0.014445909234997624,294528,14.702141466580143,0.00054460950368806493,7.4722260391846561e-05,4.9975961230619388e-10,293.37417389972086,1073.7662429079955,99999.995231480279,100000.00499193775,-0.031704778861035059,0.031704778839401482,-0.091588970424317531,0.091588970421252691,0.99909703774780456,0.20977333808150803,0.38157519736002971,0.99590625127417398,3,2,1491048,23856768,243,0,0.01476394842925967,0.18008718580199048,1145124864
82,REACTION_STIFFNESS__S3_HIGH_A1e9_Ta100__M1_108x36__C4,REACTION_STIFFNESS,STIFFNESS,S3_HIGH_A1e9_Ta100,M1_108x36,108,36,0.1,high,1000000000,5,100,4,C4,complete,results/STIFFNESS/S3_HIGH_A1e9_Ta100/M1_108x36/C4,31.748603904,0,REACTION_STIFFNESS__S3_HIGH_A1e9_Ta100__M1_108x36__C4,RMT_FINALVOL2,4,108,36,3888,108,36,16,500,2,20033,0.10000000000000001,-0.10000000000000001,1000000000,5,100,3571428.571,1,2.0000000000000002e-05,1000,0.69999999999999996,1,30.966303477999958,5.8987821839999945,19.04903563381658,0.068630693000000006,31.036655519,20033,6136,0.30629461388708629,3,0.14995549938066949,2,377878.75614581577,28944.682050365431,6.0403005279035824,1.5984758152354964e-05,0.014445909234997624,294528,14.702141466580143,0.00054460950368806493,7.4722260391846574e-05,4.9975961230619388e-10,293.37417389972086,1073.7662429079955,99999.995231480279,100000.00499193775,-0.031704778861035059,0.031704778839401482,-0.091588970424317531,0.091588970421252691,0.99909703774780456,0.20977333808150803,0.38157519736002971,0.99590625127417398,3,2,1491048,23856768,243,0,0.01476394842925967,0.18008718580199048,1145124864
83,REACTION_STIFFNESS__S3_HIGH_A1e9_Ta100__M1_108x36__C16,REACTION_STIFFNESS,STIFFNESS,S3_HIGH_A1e9_Ta100,M1_108x36,108,36,0.1,high,1000000000,5,100,16,C16,complete,results/STIFFNESS/S3_HIGH_A1e9_Ta100/M1_108x36/C16,24.099586816,0,REACTION_STIFFNESS__S3_HIGH_A1e9_Ta100__M1_108x36__C16,RMT_FINALVOL2,16,108,36,3888,108,36,16,500,2,20033,0.10000000000000001,-0.10000000000000001,1000000000,5,100,3571428.571,1,2.0000000000000002e-05,1000,0.69999999999999996,1,23.432599913999979,5.9026958689999915,25.190102210866417,0.069044282000000012,23.504867058999999,20033,6136,0.30629461388708629,3,0.14995549938066949,2,377878.75614581577,28944.682050365431,6.0403005279035824,1.5984758152354964e-05,0.014445909234997624,294528,14.702141466580143,0.00054460950368806493,7.4722260391846588e-05,4.9975961230619336e-10,293.37417389972086,1073.7662429079955,99999.995231480279,100000.00499193775,-0.031704778861035059,0.031704778839401482,-0.091588970424317531,0.091588970421252691,0.99909703774780456,0.20977333808150803,0.38157519736002971,0.99590625127417398,3,2,1491048,23856768,243,0,0.01476394842925967,0.18008718580199048,1145124864
84,REACTION_STIFFNESS__S3_HIGH_A1e9_Ta100__M2_216x72__C1,REACTION_STIFFNESS,STIFFNESS,S3_HIGH_A1e9_Ta100,M2_216x72,216,72,0.1,high,1000000000,5,100,1,C1,complete,results/STIFFNESS/S3_HIGH_A1e9_Ta100/M2_216x72/C1,423.999603200,0,REACTION_STIFFNESS__S3_HIGH_A1e9_Ta100__M2_216x72__C1,RMT_FINALVOL2,1,216,72,15552,216,72,16,500,2,22254,0.10000000000000001,-0.10000000000000001,1000000000,5,100,3571428.571,1,2.0000000000000002e-05,1000,0.69999999999999996,1,423.2370763740023,48.966305287999802,11.569474420225346,0.16952850699999999,423.41124996399998,22254,9733,0.43735957580659657,3,0.18444821683253088,3,24715210.54604008,23503300.481935751,632.54873970022891,2.5593499942956266e-05,0.029967812810427506,622912,27.99101285162218,0.0019389226052801689,0.00017798291594169584,-2.6007746032757666e-10,293.15670958950005,1074.9452650416433,99999.923364588321,100000.06678131766,-0.029397626370833436,0.029397634694097518,-0.10306482174960559,0.10306483124174606,0.99965381106261442,0.20991253794123546,0.38121908642324753,0.99796729368035364,4,3,21286071,151367616,2187,0,0.063741156215116931,0.21028733098259014,9687527424
85,REACTION_STIFFNESS__S3_HIGH_A1e9_Ta100__M2_216x72__C2,REACTION_STIFFNESS,STIFFNESS,S3_HIGH_A1e9_Ta100,M2_216x72,216,72,0.1,high,1000000000,5,100,2,C2,complete,results/STIFFNESS/S3_HIGH_A1e9_Ta100/M2_216x72/C2,225.878079232,0,REACTION_STIFFNESS__S3_HIGH_A1e9_Ta100__M2_216x72__C2,RMT_FINALVOL2,2,216,72,15552,216,72,16,500,2,22254,0.10000000000000001,-0.10000000000000001,1000000000,5,100,3571428.571,1,2.0000000000000002e-05,1000,0.69999999999999996,1,225.06154374499963,27.535526200000024,12.234665123953148,0.16922977,225.23464778300001,22254,9733,0.43735957580659657,3,0.18444821683253088,3,24715210.54604008,23503300.481935751,632.54873970022891,2.5593499942956266e-05,0.029967812810427506,622912,27.99101285162218,0.0019389226052801689,0.00017798291594169562,-2.6007746032757474e-10,293.15670958950005,1074.9452650416433,99999.923364588321,100000.06678131766,-0.029397626370833436,0.029397634694097518,-0.10306482174960559,0.10306483124174606,0.99965381106261442,0.20991253794123546,0.38121908642324753,0.99796729368035364,4,3,21286071,151367616,2187,0,0.063741156215116931,0.21028733098259014,9687527424
86,REACTION_STIFFNESS__S3_HIGH_A1e9_Ta100__M2_216x72__C4,REACTION_STIFFNESS,STIFFNESS,S3_HIGH_A1e9_Ta100,M2_216x72,216,72,0.1,high,1000000000,5,100,4,C4,complete,results/STIFFNESS/S3_HIGH_A1e9_Ta100/M2_216x72/C4,126.333132288,0,REACTION_STIFFNESS__S3_HIGH_A1e9_Ta100__M2_216x72__C4,RMT_FINALVOL2,4,216,72,15552,216,72,16,500,2,22254,0.10000000000000001,-0.10000000000000001,1000000000,5,100,3571428.571,1,2.0000000000000002e-05,1000,0.69999999999999996,1,125.48950726000032,17.250030312000121,13.746193358031102,0.17086795800000001,125.663226737,22254,9733,0.43735957580659657,3,0.18444821683253088,3,24715210.54604008,23503300.481935751,632.54873970022891,2.5593499942956266e-05,0.029967812810427506,622912,27.99101285162218,0.0019389226052801689,0.00017798291594169581,-2.600774603275766e-10,293.15670958950005,1074.9452650416433,99999.923364588321,100000.06678131766,-0.029397626370833436,0.029397634694097518,-0.10306482174960559,0.10306483124174606,0.99965381106261442,0.20991253794123546,0.38121908642324753,0.99796729368035364,4,3,21286071,151367616,2187,0,0.063741156215116931,0.21028733098259014,9687527424
87,REACTION_STIFFNESS__S3_HIGH_A1e9_Ta100__M2_216x72__C16,REACTION_STIFFNESS,STIFFNESS,S3_HIGH_A1e9_Ta100,M2_216x72,216,72,0.1,high,1000000000,5,100,16,C16,complete,results/STIFFNESS/S3_HIGH_A1e9_Ta100/M2_216x72/C16,56.304738048,0,REACTION_STIFFNESS__S3_HIGH_A1e9_Ta100__M2_216x72__C16,RMT_FINALVOL2,16,216,72,15552,216,72,16,500,2,22254,0.10000000000000001,-0.10000000000000001,1000000000,5,100,3571428.571,1,2.0000000000000002e-05,1000,0.69999999999999996,1,55.45025108799971,10.795154535999998,19.468179718191099,0.16966040199999999,55.624460947999999,22254,9733,0.43735957580659657,3,0.18444821683253088,3,24715210.54604008,23503300.481935751,632.54873970022891,2.5593499942956266e-05,0.029967812810427506,622912,27.99101285162218,0.0019389226052801689,0.00017798291594169573,-2.6007746032757691e-10,293.15670958950005,1074.9452650416433,99999.923364588321,100000.06678131766,-0.029397626370833436,0.029397634694097518,-0.10306482174960559,0.10306483124174606,0.99965381106261442,0.20991253794123546,0.38121908642324753,0.99796729368035364,4,3,21286071,151367616,2187,0,0.063741156215116931,0.21028733098259014,9687527424
88,REACTION_STIFFNESS__S3_HIGH_A1e9_Ta100__M3_432x144__C1,REACTION_STIFFNESS,STIFFNESS,S3_HIGH_A1e9_Ta100,M3_432x144,432,144,0.1,high,1000000000,5,100,1,C1,complete,results/STIFFNESS/S3_HIGH_A1e9_Ta100/M3_432x144/C1,3666.220841216,0,REACTION_STIFFNESS__S3_HIGH_A1e9_Ta100__M3_432x144__C1,RMT_FINALVOL2,1,432,144,62208,432,144,16,500,2,48573,0.10000000000000001,-0.10000000000000001,1000000000,5,100,3571428.571,1,2.0000000000000002e-05,1000,0.69999999999999996,1,3664.8189650819927,462.93842313700327,12.631958837471416,0.60058403799999993,3665.4480039330001,48573,19187,0.39501369073353509,4,0.19529617021061207,3,9622153.8880876489,3326913.9437046144,120.09329493434052,1.2480916053838795e-05,0.033049056413119185,1534960,31.601095258682808,0.0027240175709994929,0.00014008898015433437,-4.2122314400777314e-10,293.0774733264696,1085.0957043738485,99999.987621094624,100000.00977955847,-0.027467717325824773,0.027467721838517242,-0.10292669056291856,0.10292627144542157,0.99984988284398657,0.20996088098398619,0.38638865131114797,0.9989277348514094,5,4,377657721,1193584896,19683,0,0.058614395870688868,0.26729329256159945,95486791680
89,REACTION_STIFFNESS__S3_HIGH_A1e9_Ta100__M3_432x144__C2,REACTION_STIFFNESS,STIFFNESS,S3_HIGH_A1e9_Ta100,M3_432x144,432,144,0.1,high,1000000000,5,100,2,C2,complete,results/STIFFNESS/S3_HIGH_A1e9_Ta100/M3_432x144/C2,1911.825032192,0,REACTION_STIFFNESS__S3_HIGH_A1e9_Ta100__M3_432x144__C2,RMT_FINALVOL2,2,432,144,62208,432,144,16,500,2,48573,0.10000000000000001,-0.10000000000000001,1000000000,5,100,3571428.571,1,2.0000000000000002e-05,1000,0.69999999999999996,1,1910.5405734069686,257.37232472999978,13.471178173988788,0.59545581399999992,1911.1525574130001,48573,19187,0.39501369073353509,4,0.19529617021061207,3,9622153.8880876489,3326913.9437046144,120.09329493434052,1.2480916053838795e-05,0.033049056413119185,1534960,31.601095258682808,0.0027240175709994929,0.00014008898015433383,-4.2122314400777666e-10,293.0774733264696,1085.0957043738485,99999.987621094624,100000.00977955847,-0.027467717325824773,0.027467721838517242,-0.10292669056291856,0.10292627144542157,0.99984988284398657,0.20996088098398619,0.38638865131114797,0.9989277348514094,5,4,377657721,1193584896,19683,0,0.058614395870688868,0.26729329256159945,95486791680
90,REACTION_STIFFNESS__S3_HIGH_A1e9_Ta100__M3_432x144__C4,REACTION_STIFFNESS,STIFFNESS,S3_HIGH_A1e9_Ta100,M3_432x144,432,144,0.1,high,1000000000,5,100,4,C4,complete,results/STIFFNESS/S3_HIGH_A1e9_Ta100/M3_432x144/C4,1013.049576704,0,REACTION_STIFFNESS__S3_HIGH_A1e9_Ta100__M3_432x144__C4,RMT_FINALVOL2,4,432,144,62208,432,144,16,500,2,48573,0.10000000000000001,-0.10000000000000001,1000000000,5,100,3571428.571,1,2.0000000000000002e-05,1000,0.69999999999999996,1,1011.7291407999927,147.57433561899913,14.586348229755387,0.58825381899999996,1012.328424802,48573,19187,0.39501369073353509,4,0.19529617021061207,3,9622153.8880876489,3326913.9437046144,120.09329493434052,1.2480916053838795e-05,0.033049056413119185,1534960,31.601095258682808,0.0027240175709994929,0.0001400889801543341,-4.2122314400777449e-10,293.0774733264696,1085.0957043738485,99999.987621094624,100000.00977955847,-0.027467717325824773,0.027467721838517242,-0.10292669056291856,0.10292627144542157,0.99984988284398657,0.20996088098398619,0.38638865131114797,0.9989277348514094,5,4,377657721,1193584896,19683,0,0.058614395870688868,0.26729329256159945,95486791680
91,REACTION_STIFFNESS__S3_HIGH_A1e9_Ta100__M3_432x144__C16,REACTION_STIFFNESS,STIFFNESS,S3_HIGH_A1e9_Ta100,M3_432x144,432,144,0.1,high,1000000000,5,100,16,C16,complete,results/STIFFNESS/S3_HIGH_A1e9_Ta100/M3_432x144/C16,351.083639552,0,REACTION_STIFFNESS__S3_HIGH_A1e9_Ta100__M3_432x144__C16,RMT_FINALVOL2,16,432,144,62208,432,144,16,500,2,48573,0.10000000000000001,-0.10000000000000001,1000000000,5,100,3571428.571,1,2.0000000000000002e-05,1000,0.69999999999999996,1,349.11790742900081,67.937686622999664,19.459811478394581,0.59082473299999994,349.721661934,48573,19187,0.39501369073353509,4,0.19529617021061207,3,9622153.8880876489,3326913.9437046144,120.09329493434052,1.2480916053838795e-05,0.033049056413119185,1534960,31.601095258682808,0.0027240175709994929,0.00014008898015433404,-4.212231440077747e-10,293.0774733264696,1085.0957043738485,99999.987621094624,100000.00977955847,-0.027467717325824773,0.027467721838517242,-0.10292669056291856,0.10292627144542157,0.99984988284398657,0.20996088098398619,0.38638865131114797,0.9989277348514094,5,4,377657721,1193584896,19683,0,0.058614395870688868,0.26729329256159945,95486791680
92,REACTION_STIFFNESS__S3_HIGH_A1e9_Ta100__M4_864x288__C1,REACTION_STIFFNESS,STIFFNESS,S3_HIGH_A1e9_Ta100,M4_864x288,864,288,0.1,high,1000000000,5,100,1,C1,complete,results/STIFFNESS/S3_HIGH_A1e9_Ta100/M4_864x288/C1,58856.345888768,0,REACTION_STIFFNESS__S3_HIGH_A1e9_Ta100__M4_864x288__C1,RMT_FINALVOL2,1,864,288,248832,864,288,16,500,2,194042,0.10000000000000001,-0.10000000000000001,1000000000,5,100,3571428.571,1,2.0000000000000002e-05,1000,0.69999999999999996,1,58852.183397906156,8923.3720356727499,15.162346612258782,2.4080535669999996,58854.941914522999,194042,87365,0.45023757743169007,6,0.18910097327776454,2,56325835.28499867,7297160.750435546,3074.1796679040999,5.4578501185988624e-05,0.020525212692501134,6989200,36.019006194535201,0.025828594699483065,0.0006767245963689801,3.7510568501943104e-09,293.04121329673558,1082.801940827917,99999.980299224961,100000.01562214919,-0.027337472059444076,0.027337470065555137,-0.1016925816452417,0.10169295720561315,0.99991765013805922,0.2099792787493992,0.38529019121330027,0.99945493965502652,5,4,1719605295,21739207680,19683,0,0.043386287190111568,0.87490910164422342,1739136614400
93,REACTION_STIFFNESS__S3_HIGH_A1e9_Ta100__M4_864x288__C2,REACTION_STIFFNESS,STIFFNESS,S3_HIGH_A1e9_Ta100,M4_864x288,864,288,0.1,high,1000000000,5,100,2,C2,complete,results/STIFFNESS/S3_HIGH_A1e9_Ta100/M4_864x288/C2,29928.899519488,0,REACTION_STIFFNESS__S3_HIGH_A1e9_Ta100__M4_864x288__C2,RMT_FINALVOL2,2,864,288,248832,864,288,16,500,2,194042,0.10000000000000001,-0.10000000000000001,1000000000,5,100,3571428.571,1,2.0000000000000002e-05,1000,0.69999999999999996,1,29925.078002224887,4630.3409457590196,15.47311236887924,2.3658694649999998,29927.631841716,194042,87365,0.45023757743169007,6,0.18910097327776454,2,56325835.28499867,7297160.750435546,3074.1796679040999,5.4578501185988624e-05,0.020525212692501134,6989200,36.019006194535201,0.025828594699483065,0.00067672459636898454,3.7510568501942856e-09,293.04121329673558,1082.801940827917,99999.980299224961,100000.01562214919,-0.027337472059444076,0.027337470065555137,-0.1016925816452417,0.10169295720561315,0.99991765013805922,0.2099792787493992,0.38529019121330027,0.99945493965502652,5,4,1719605295,21739207680,19683,0,0.043386287190111568,0.87490910164422342,1739136614400
94,REACTION_STIFFNESS__S3_HIGH_A1e9_Ta100__M4_864x288__C4,REACTION_STIFFNESS,STIFFNESS,S3_HIGH_A1e9_Ta100,M4_864x288,864,288,0.1,high,1000000000,5,100,4,C4,complete,results/STIFFNESS/S3_HIGH_A1e9_Ta100/M4_864x288/C4,15518.127653376,0,REACTION_STIFFNESS__S3_HIGH_A1e9_Ta100__M4_864x288__C4,RMT_FINALVOL2,4,864,288,248832,864,288,16,500,2,194042,0.10000000000000001,-0.10000000000000001,1000000000,5,100,3571428.571,1,2.0000000000000002e-05,1000,0.69999999999999996,1,15515.485118751099,2550.5633350109738,16.438824280966333,2.35876106,15517.943053597,194042,87365,0.45023757743169007,6,0.18910097327776454,2,56325835.28499867,7297160.750435546,3074.1796679040999,5.4578501185988624e-05,0.020525212692501134,6989200,36.019006194535201,0.025828594699483065,0.00067672459636898433,3.7510568501942906e-09,293.04121329673558,1082.801940827917,99999.980299224961,100000.01562214919,-0.027337472059444076,0.027337470065555137,-0.1016925816452417,0.10169295720561315,0.99991765013805922,0.2099792787493992,0.38529019121330027,0.99945493965502652,5,4,1719605295,21739207680,19683,0,0.043386287190111568,0.87490910164422342,1739136614400
95,REACTION_STIFFNESS__S3_HIGH_A1e9_Ta100__M4_864x288__C16,REACTION_STIFFNESS,STIFFNESS,S3_HIGH_A1e9_Ta100,M4_864x288,864,288,0.1,high,1000000000,5,100,16,C16,complete,results/STIFFNESS/S3_HIGH_A1e9_Ta100/M4_864x288/C16,4708.191658752,0,REACTION_STIFFNESS__S3_HIGH_A1e9_Ta100__M4_864x288__C16,RMT_FINALVOL2,16,864,288,248832,864,288,16,500,2,194042,0.10000000000000001,-0.10000000000000001,1000000000,5,100,3571428.571,1,2.0000000000000002e-05,1000,0.69999999999999996,1,4705.657394222947,1037.4407840260515,22.046670573588703,2.3629752850000001,4708.0827202179998,194042,87365,0.45023757743169007,6,0.18910097327776454,2,56325835.28499867,7297160.750435546,3074.1796679040999,5.4578501185988624e-05,0.020525212692501134,6989200,36.019006194535201,0.025828594699483065,0.00067672459636898162,3.7510568501943005e-09,293.04121329673558,1082.801940827917,99999.980299224961,100000.01562214919,-0.027337472059444076,0.027337470065555137,-0.1016925816452417,0.10169295720561315,0.99991765013805922,0.2099792787493992,0.38529019121330027,0.99945493965502652,5,4,1719605295,21739207680,19683,0,0.043386287190111568,0.87490910164422342,1739136614400
